2026-02-15 20:43:21,337 - main - INFO - Initializing Urban Environmental Intelligence System...
2026-02-15 20:43:21,338 - main - INFO - --- Step 1: Data Acquisition ---
2026-02-15 20:43:21,338 - main - INFO - Generating data (Mock/API)...
2026-02-15 20:43:21,338 - data_fetch - INFO - Generating HIGH VOLUME mock data for 2025...
2026-02-15 20:43:21,490 - data_fetch - INFO - Generated mock data for Station 101: 52422 rows
2026-02-15 20:43:21,543 - data_fetch - INFO - Generated mock data for Station 102: 52422 rows
2026-02-15 20:43:21,596 - data_fetch - INFO - Generated mock data for Station 103: 52422 rows
2026-02-15 20:43:21,654 - data_fetch - INFO - Generated mock data for Station 104: 52422 rows
2026-02-15 20:43:21,737 - data_fetch - INFO - Generated mock data for Station 105: 52422 rows
2026-02-15 20:43:21,814 - data_fetch - INFO - Generated mock data for Station 106: 52422 rows
2026-02-15 20:43:21,877 - data_fetch - INFO - Generated mock data for Station 107: 52422 rows
2026-02-15 20:43:21,934 - data_fetch - INFO - Generated mock data for Station 108: 52422 rows
2026-02-15 20:43:21,997 - data_fetch - INFO - Generated mock data for Station 109: 52422 rows
2026-02-15 20:43:22,071 - data_fetch - INFO - Generated mock data for Station 110: 52422 rows
2026-02-15 20:43:22,140 - data_fetch - INFO - Generated mock data for Station 111: 52422 rows
2026-02-15 20:43:22,200 - data_fetch - INFO - Generated mock data for Station 112: 52422 rows
2026-02-15 20:43:22,264 - data_fetch - INFO - Generated mock data for Station 113: 52422 rows
2026-02-15 20:43:22,344 - data_fetch - INFO - Generated mock data for Station 114: 52422 rows
2026-02-15 20:43:22,417 - data_fetch - INFO - Generated mock data for Station 115: 52422 rows
2026-02-15 20:43:22,507 - data_fetch - INFO - Generated mock data for Station 116: 52422 rows
2026-02-15 20:43:22,592 - data_fetch - INFO - Generated mock data for Station 117: 52422 rows
2026-02-15 20:43:22,708 - data_fetch - INFO - Generated mock data for Station 118: 52422 rows
2026-02-15 20:43:22,809 - data_fetch - INFO - Generated mock data for Station 119: 52422 rows
2026-02-15 20:43:22,877 - data_fetch - INFO - Generated mock data for Station 120: 52422 rows
2026-02-15 20:43:22,932 - data_fetch - INFO - Generated mock data for Station 121: 52422 rows
2026-02-15 20:43:22,983 - data_fetch - INFO - Generated mock data for Station 122: 52422 rows
2026-02-15 20:43:23,039 - data_fetch - INFO - Generated mock data for Station 123: 52422 rows
2026-02-15 20:43:23,113 - data_fetch - INFO - Generated mock data for Station 124: 52422 rows
2026-02-15 20:43:23,179 - data_fetch - INFO - Generated mock data for Station 125: 52422 rows
2026-02-15 20:43:23,234 - data_fetch - INFO - Generated mock data for Station 126: 52422 rows
2026-02-15 20:43:23,310 - data_fetch - INFO - Generated mock data for Station 127: 52422 rows
2026-02-15 20:43:23,417 - data_fetch - INFO - Generated mock data for Station 128: 52422 rows
2026-02-15 20:43:23,497 - data_fetch - INFO - Generated mock data for Station 129: 52422 rows
2026-02-15 20:43:23,579 - data_fetch - INFO - Generated mock data for Station 130: 52422 rows
2026-02-15 20:43:23,682 - data_fetch - INFO - Generated mock data for Station 131: 52422 rows
2026-02-15 20:43:23,792 - data_fetch - INFO - Generated mock data for Station 132: 52422 rows
2026-02-15 20:43:23,879 - data_fetch - INFO - Generated mock data for Station 133: 52422 rows
2026-02-15 20:43:23,943 - data_fetch - INFO - Generated mock data for Station 134: 52422 rows
2026-02-15 20:43:24,003 - data_fetch - INFO - Generated mock data for Station 135: 52422 rows
2026-02-15 20:43:24,077 - data_fetch - INFO - Generated mock data for Station 136: 52422 rows
2026-02-15 20:43:24,144 - data_fetch - INFO - Generated mock data for Station 137: 52422 rows
2026-02-15 20:43:24,208 - data_fetch - INFO - Generated mock data for Station 138: 52422 rows
2026-02-15 20:43:24,265 - data_fetch - INFO - Generated mock data for Station 139: 52422 rows
2026-02-15 20:43:24,330 - data_fetch - INFO - Generated mock data for Station 140: 52422 rows
2026-02-15 20:43:24,410 - data_fetch - INFO - Generated mock data for Station 141: 52422 rows
2026-02-15 20:43:24,483 - data_fetch - INFO - Generated mock data for Station 142: 52422 rows
2026-02-15 20:43:24,552 - data_fetch - INFO - Generated mock data for Station 143: 52422 rows
2026-02-15 20:43:24,621 - data_fetch - INFO - Generated mock data for Station 144: 52422 rows
2026-02-15 20:43:24,693 - data_fetch - INFO - Generated mock data for Station 145: 52422 rows
2026-02-15 20:43:24,757 - data_fetch - INFO - Generated mock data for Station 146: 52422 rows
2026-02-15 20:43:24,817 - data_fetch - INFO - Generated mock data for Station 147: 52422 rows
2026-02-15 20:43:24,903 - data_fetch - INFO - Generated mock data for Station 148: 52422 rows
2026-02-15 20:43:24,963 - data_fetch - INFO - Generated mock data for Station 149: 52422 rows
2026-02-15 20:43:25,358 - data_fetch - INFO - Generated mock data for Station 150: 52422 rows
2026-02-15 20:43:25,714 - data_fetch - INFO - Generated mock data for Station 151: 52422 rows
2026-02-15 20:43:26,108 - data_fetch - INFO - Generated mock data for Station 152: 52422 rows
2026-02-15 20:43:26,252 - data_fetch - INFO - Generated mock data for Station 153: 52422 rows
2026-02-15 20:43:26,419 - data_fetch - INFO - Generated mock data for Station 154: 52422 rows
2026-02-15 20:43:26,566 - data_fetch - INFO - Generated mock data for Station 155: 52422 rows
2026-02-15 20:43:26,709 - data_fetch - INFO - Generated mock data for Station 156: 52422 rows
2026-02-15 20:43:26,826 - data_fetch - INFO - Generated mock data for Station 157: 52422 rows
2026-02-15 20:43:26,904 - data_fetch - INFO - Generated mock data for Station 158: 52422 rows
2026-02-15 20:43:26,954 - data_fetch - INFO - Generated mock data for Station 159: 52422 rows
2026-02-15 20:43:27,008 - data_fetch - INFO - Generated mock data for Station 160: 52422 rows
2026-02-15 20:43:27,073 - data_fetch - INFO - Generated mock data for Station 161: 52422 rows
2026-02-15 20:43:27,133 - data_fetch - INFO - Generated mock data for Station 162: 52422 rows
2026-02-15 20:43:27,183 - data_fetch - INFO - Generated mock data for Station 163: 52422 rows
2026-02-15 20:43:27,235 - data_fetch - INFO - Generated mock data for Station 164: 52422 rows
2026-02-15 20:43:27,325 - data_fetch - INFO - Generated mock data for Station 165: 52422 rows
2026-02-15 20:43:27,405 - data_fetch - INFO - Generated mock data for Station 166: 52422 rows
2026-02-15 20:43:27,471 - data_fetch - INFO - Generated mock data for Station 167: 52422 rows
2026-02-15 20:43:27,524 - data_fetch - INFO - Generated mock data for Station 168: 52422 rows
2026-02-15 20:43:27,582 - data_fetch - INFO - Generated mock data for Station 169: 52422 rows
2026-02-15 20:43:27,637 - data_fetch - INFO - Generated mock data for Station 170: 52422 rows
2026-02-15 20:43:27,704 - data_fetch - INFO - Generated mock data for Station 171: 52422 rows
2026-02-15 20:43:27,795 - data_fetch - INFO - Generated mock data for Station 172: 52422 rows
2026-02-15 20:43:27,864 - data_fetch - INFO - Generated mock data for Station 173: 52422 rows
2026-02-15 20:43:28,030 - data_fetch - INFO - Generated mock data for Station 174: 52422 rows
2026-02-15 20:43:28,167 - data_fetch - INFO - Generated mock data for Station 175: 52422 rows
2026-02-15 20:43:28,380 - data_fetch - INFO - Generated mock data for Station 176: 52422 rows
2026-02-15 20:43:28,646 - data_fetch - INFO - Generated mock data for Station 177: 52422 rows
2026-02-15 20:43:29,033 - data_fetch - INFO - Generated mock data for Station 178: 52422 rows
2026-02-15 20:43:29,393 - data_fetch - INFO - Generated mock data for Station 179: 52422 rows
2026-02-15 20:43:29,577 - data_fetch - INFO - Generated mock data for Station 180: 52422 rows
2026-02-15 20:43:29,726 - data_fetch - INFO - Generated mock data for Station 181: 52422 rows
2026-02-15 20:43:29,845 - data_fetch - INFO - Generated mock data for Station 182: 52422 rows
2026-02-15 20:43:29,999 - data_fetch - INFO - Generated mock data for Station 183: 52422 rows
2026-02-15 20:43:30,107 - data_fetch - INFO - Generated mock data for Station 184: 52422 rows
2026-02-15 20:43:30,172 - data_fetch - INFO - Generated mock data for Station 185: 52422 rows
2026-02-15 20:43:30,243 - data_fetch - INFO - Generated mock data for Station 186: 52422 rows
2026-02-15 20:43:30,312 - data_fetch - INFO - Generated mock data for Station 187: 52422 rows
2026-02-15 20:43:30,561 - data_fetch - INFO - Generated mock data for Station 188: 52422 rows
2026-02-15 20:43:30,641 - data_fetch - INFO - Generated mock data for Station 189: 52422 rows
2026-02-15 20:43:30,724 - data_fetch - INFO - Generated mock data for Station 190: 52422 rows
2026-02-15 20:43:30,808 - data_fetch - INFO - Generated mock data for Station 191: 52422 rows
2026-02-15 20:43:30,944 - data_fetch - INFO - Generated mock data for Station 192: 52422 rows
2026-02-15 20:43:31,294 - data_fetch - INFO - Generated mock data for Station 193: 52422 rows
2026-02-15 20:43:31,482 - data_fetch - INFO - Generated mock data for Station 194: 52422 rows
2026-02-15 20:43:31,581 - data_fetch - INFO - Generated mock data for Station 195: 52422 rows
2026-02-15 20:43:31,713 - data_fetch - INFO - Generated mock data for Station 196: 52422 rows
2026-02-15 20:43:31,902 - data_fetch - INFO - Generated mock data for Station 197: 52422 rows
2026-02-15 20:43:32,053 - data_fetch - INFO - Generated mock data for Station 198: 52422 rows
2026-02-15 20:43:32,353 - data_fetch - INFO - Generated mock data for Station 199: 52422 rows
2026-02-15 20:43:32,605 - data_fetch - INFO - Generated mock data for Station 200: 52422 rows
2026-02-15 20:43:32,616 - main - INFO - --- Step 2: Big Data Processing ---
2026-02-15 20:43:32,649 - bigdata_pipeline - INFO - Starting Big Data Pipeline...
2026-02-15 20:43:32,660 - bigdata_pipeline - INFO - Found 100 raw files. Processing with Dask...
2026-02-15 20:43:32,847 - bigdata_pipeline - INFO - Computing and saving processed data...
2026-02-17 23:05:19,334 - main - INFO - Initializing Urban Environmental Intelligence System...
2026-02-17 23:05:19,334 - main - INFO - --- Step 1: Data Acquisition ---
2026-02-17 23:05:19,334 - main - INFO - Generating data (Mock/API)...
2026-02-17 23:05:19,334 - data_fetch - INFO - Generating HIGH VOLUME mock data for 2025 (Zoning Enabled)...
2026-02-17 23:05:33,764 - main - INFO - --- Step 2: Big Data Processing ---
2026-02-17 23:05:33,764 - bigdata_pipeline - INFO - Starting Big Data Pipeline...
2026-02-17 23:05:33,767 - bigdata_pipeline - INFO - Found 100 raw files. Processing with Dask...
2026-02-17 23:05:33,904 - bigdata_pipeline - INFO - Computing and saving processed data...
2026-02-17 23:12:33,788 - main - INFO - Initializing Urban Environmental Intelligence System...
2026-02-17 23:12:33,789 - main - INFO - --- Step 1: Data Acquisition ---
2026-02-17 23:12:33,789 - main - INFO - Generating data (Mock/API)...
2026-02-17 23:12:33,789 - data_fetch - INFO - Generating HIGH VOLUME mock data for 2025 (Zoning Enabled)...
2026-02-17 23:12:38,596 - main - INFO - Initializing Urban Environmental Intelligence System...
2026-02-17 23:12:38,596 - main - INFO - --- Step 1: Data Acquisition ---
2026-02-17 23:12:38,596 - main - INFO - Generating data (Mock/API)...
2026-02-17 23:12:38,596 - data_fetch - INFO - Generating HIGH VOLUME mock data for 2025 (Zoning Enabled)...
2026-02-17 23:12:46,561 - main - INFO - --- Step 2: Big Data Processing ---
2026-02-17 23:12:46,561 - bigdata_pipeline - INFO - Starting Big Data Pipeline...
2026-02-17 23:12:46,566 - bigdata_pipeline - INFO - Found 100 raw files. Processing with Dask...
2026-02-17 23:12:46,734 - bigdata_pipeline - INFO - Computing and saving processed data...
2026-02-17 23:12:51,089 - main - INFO - --- Step 2: Big Data Processing ---
2026-02-17 23:12:51,089 - bigdata_pipeline - INFO - Starting Big Data Pipeline...
2026-02-17 23:12:51,093 - bigdata_pipeline - INFO - Found 100 raw files. Processing with Dask...
2026-02-17 23:12:51,206 - bigdata_pipeline - INFO - Computing and saving processed data...
2026-02-17 23:12:59,766 - bigdata_pipeline - INFO - Pipeline finished. Data saved to D:\ds2\DS\assignment\data\processed\cleaned_data.parquet
2026-02-17 23:12:59,773 - main - INFO - --- Execution Complete ---
2026-02-17 23:13:02,476 - bigdata_pipeline - INFO - Pipeline finished. Data saved to D:\ds2\DS\assignment\data\processed\cleaned_data.parquet
2026-02-17 23:13:02,479 - main - INFO - --- Execution Complete ---
2026-02-17 23:21:42,886 - pca_analysis - INFO - PCA Completed. Explained Variance: [0.46405843 0.38476609]
2026-02-17 23:21:43,887 - pca_analysis - INFO - PCA Completed. Explained Variance: [0.46405843 0.38476609]
2026-02-17 23:25:57,148 - pca_analysis - INFO - PCA Completed. Explained Variance: [0.4537595  0.38380706]
2026-02-17 23:42:34,509 - pca_analysis - INFO - PCA Completed. Explained Variance: [0.45185708 0.38635536]
2026-02-18 00:03:46,846 - main - INFO - Initializing Urban Environmental Intelligence System...
2026-02-18 00:03:46,846 - main - INFO - --- Step 1: Data Acquisition ---
2026-02-18 00:03:46,846 - main - INFO - Fetching data from OpenAQ API...
2026-02-18 00:03:46,849 - data_fetch - INFO - Searching for stations with all 6 parameters: ['pm25', 'pm10', 'no2', 'o3', 'temperature', 'humidity']...
2026-02-18 00:03:48,027 - data_fetch - ERROR - Error fetching stations: 410 Client Error: Gone for url: https://api.openaq.org/v2/locations?limit=1000&has_geo=true&order_by=measurement_count&sort=desc
2026-02-18 00:03:48,046 - data_fetch - ERROR - No stations found. Check your Internet/API Key.
2026-02-18 00:03:48,046 - main - INFO - --- Step 2: Big Data Processing ---
2026-02-18 00:03:48,048 - bigdata_pipeline - INFO - Starting Big Data Pipeline...
2026-02-18 00:03:48,053 - bigdata_pipeline - INFO - Found 100 raw files. Processing with Dask...
2026-02-18 00:03:48,196 - bigdata_pipeline - INFO - Computing and saving processed data...
2026-02-18 00:03:58,912 - bigdata_pipeline - INFO - Pipeline finished. Data saved to D:\ds2\DS\assignment\data\processed\cleaned_data.parquet
2026-02-18 00:03:58,915 - main - INFO - --- Execution Complete ---
2026-02-18 00:04:55,840 - main - INFO - Initializing Urban Environmental Intelligence System...
2026-02-18 00:04:55,840 - main - INFO - --- Step 1: Data Acquisition ---
2026-02-18 00:04:55,843 - main - INFO - Fetching data from OpenAQ API...
2026-02-18 00:04:55,843 - data_fetch - INFO - Searching for stations with all 6 parameters: ['pm25', 'pm10', 'no2', 'o3', 'temperature', 'humidity']...
2026-02-18 00:04:55,844 - data_fetch - INFO - Requesting https://api.openaq.org/v2/locations with params {'limit': 1000, 'has_geo': 'true', 'order_by': 'measurement_count', 'sort': 'desc'}
2026-02-18 00:04:56,569 - data_fetch - ERROR - Error fetching stations: 410 Client Error: Gone for url: https://api.openaq.org/v2/locations?limit=1000&has_geo=true&order_by=measurement_count&sort=desc
2026-02-18 00:04:56,579 - data_fetch - ERROR - No stations found. Check your Internet/API Key.
2026-02-18 00:04:56,591 - main - INFO - --- Step 2: Big Data Processing ---
2026-02-18 00:04:56,592 - bigdata_pipeline - INFO - Starting Big Data Pipeline...
2026-02-18 00:04:56,595 - bigdata_pipeline - ERROR - No raw data found. Run data_fetch.py first.
2026-02-18 00:04:56,596 - main - INFO - --- Execution Complete ---
2026-02-18 00:11:31,288 - main - INFO - Initializing Urban Environmental Intelligence System...
2026-02-18 00:11:31,288 - main - INFO - --- Step 1: Data Acquisition ---
2026-02-18 00:11:31,289 - main - INFO - Fetching data from OpenAQ API...
2026-02-18 00:11:31,289 - data_fetch - INFO - Searching for v3 stations with PM2.5...
2026-02-18 00:11:31,289 - data_fetch - INFO - Requesting https://api.openaq.org/v3/locations with params {'limit': 100, 'order_by': 'id', 'sort_order': 'desc'}
2026-02-18 00:11:32,596 - data_fetch - ERROR - Error fetching stations: 401 Client Error: Unauthorized for url: https://api.openaq.org/v3/locations?limit=100&order_by=id&sort_order=desc
2026-02-18 00:11:32,599 - data_fetch - ERROR - No stations found. Check your Internet/API Key.
2026-02-18 00:11:32,603 - main - INFO - --- Step 2: Big Data Processing ---
2026-02-18 00:11:32,604 - bigdata_pipeline - INFO - Starting Big Data Pipeline...
2026-02-18 00:11:32,607 - bigdata_pipeline - ERROR - No raw data found. Run data_fetch.py first.
2026-02-18 00:11:32,607 - main - INFO - --- Execution Complete ---
2026-02-18 00:45:37,583 - main - INFO - Initializing Urban Environmental Intelligence System...
2026-02-18 00:45:37,584 - main - INFO - --- Step 1: Data Acquisition ---
2026-02-18 00:45:37,584 - main - INFO - Fetching data from OpenAQ API...
2026-02-18 00:45:37,584 - data_fetch - INFO - Searching for v3 stations with PM2.5...
2026-02-18 00:45:37,584 - data_fetch - INFO - Requesting https://api.openaq.org/v3/locations with params {'limit': 100, 'order_by': 'id', 'sort_order': 'desc'}
2026-02-18 00:45:39,912 - data_fetch - INFO - API returned 100 locations.
2026-02-18 00:45:39,915 - data_fetch - INFO - Found 98 valid stations.
2026-02-18 00:45:39,918 - data_fetch - INFO - [1/100] Fetching 2025 data for Unknown (ID: 6243575)...
2026-02-18 00:45:41,360 - data_fetch - WARNING - No 2025 data returned for station 6243575
2026-02-18 00:45:41,360 - data_fetch - INFO - [2/100] Fetching 2025 data for Unknown (ID: 6243573)...
2026-02-18 00:45:42,958 - data_fetch - WARNING - No 2025 data returned for station 6243573
2026-02-18 00:45:42,960 - data_fetch - INFO - [3/100] Fetching 2025 data for Unknown (ID: 6243463)...
2026-02-18 00:45:44,498 - data_fetch - WARNING - No 2025 data returned for station 6243463
2026-02-18 00:45:44,503 - data_fetch - INFO - [4/100] Fetching 2025 data for Unknown (ID: 6243425)...
2026-02-18 00:45:46,335 - data_fetch - WARNING - No 2025 data returned for station 6243425
2026-02-18 00:45:46,335 - data_fetch - INFO - [5/100] Fetching 2025 data for Unknown (ID: 6243163)...
2026-02-18 00:45:47,665 - data_fetch - WARNING - No 2025 data returned for station 6243163
2026-02-18 00:45:47,666 - data_fetch - INFO - [6/100] Fetching 2025 data for Unknown (ID: 6242648)...
2026-02-18 00:45:49,169 - data_fetch - WARNING - No 2025 data returned for station 6242648
2026-02-18 00:45:49,169 - data_fetch - INFO - [7/100] Fetching 2025 data for Unknown (ID: 6242610)...
2026-02-18 00:45:51,254 - data_fetch - WARNING - No 2025 data returned for station 6242610
2026-02-18 00:45:51,258 - data_fetch - INFO - [8/100] Fetching 2025 data for Unknown (ID: 6242472)...
2026-02-18 00:45:53,276 - data_fetch - WARNING - No 2025 data returned for station 6242472
2026-02-18 00:45:53,277 - data_fetch - INFO - [9/100] Fetching 2025 data for Unknown (ID: 6242471)...
2026-02-18 00:45:56,445 - data_fetch - WARNING - No 2025 data returned for station 6242471
2026-02-18 00:45:56,446 - data_fetch - INFO - [10/100] Fetching 2025 data for Unknown (ID: 6242337)...
2026-02-18 00:45:58,285 - data_fetch - WARNING - No 2025 data returned for station 6242337
2026-02-18 00:45:58,285 - data_fetch - INFO - [11/100] Fetching 2025 data for Unknown (ID: 6242233)...
2026-02-18 00:45:59,953 - data_fetch - WARNING - No 2025 data returned for station 6242233
2026-02-18 00:45:59,953 - data_fetch - INFO - [12/100] Fetching 2025 data for Unknown (ID: 6242232)...
2026-02-18 00:46:01,596 - data_fetch - WARNING - No 2025 data returned for station 6242232
2026-02-18 00:46:01,596 - data_fetch - INFO - [13/100] Fetching 2025 data for Unknown (ID: 6242088)...
2026-02-18 00:46:02,917 - data_fetch - WARNING - No 2025 data returned for station 6242088
2026-02-18 00:46:02,917 - data_fetch - INFO - [14/100] Fetching 2025 data for Unknown (ID: 6242087)...
2026-02-18 00:46:05,117 - data_fetch - WARNING - No 2025 data returned for station 6242087
2026-02-18 00:46:05,117 - data_fetch - INFO - [15/100] Fetching 2025 data for Unknown (ID: 6242086)...
2026-02-18 00:46:06,917 - data_fetch - WARNING - No 2025 data returned for station 6242086
2026-02-18 00:46:06,917 - data_fetch - INFO - [16/100] Fetching 2025 data for Unknown (ID: 6242085)...
2026-02-18 00:46:09,075 - data_fetch - WARNING - No 2025 data returned for station 6242085
2026-02-18 00:46:09,077 - data_fetch - INFO - [17/100] Fetching 2025 data for Unknown (ID: 6242084)...
2026-02-18 00:46:10,714 - data_fetch - WARNING - No 2025 data returned for station 6242084
2026-02-18 00:46:10,714 - data_fetch - INFO - [18/100] Fetching 2025 data for Unknown (ID: 6242083)...
2026-02-18 00:46:12,461 - data_fetch - WARNING - No 2025 data returned for station 6242083
2026-02-18 00:46:12,461 - data_fetch - INFO - [19/100] Fetching 2025 data for Unknown (ID: 6242082)...
2026-02-18 00:46:13,783 - data_fetch - WARNING - No 2025 data returned for station 6242082
2026-02-18 00:46:13,784 - data_fetch - INFO - [20/100] Fetching 2025 data for Unknown (ID: 6242081)...
2026-02-18 00:46:15,626 - data_fetch - WARNING - No 2025 data returned for station 6242081
2026-02-18 00:46:15,626 - data_fetch - INFO - [21/100] Fetching 2025 data for Unknown (ID: 6242079)...
2026-02-18 00:46:18,554 - data_fetch - WARNING - No 2025 data returned for station 6242079
2026-02-18 00:46:18,556 - data_fetch - INFO - [22/100] Fetching 2025 data for Unknown (ID: 6241839)...
2026-02-18 00:46:19,942 - data_fetch - WARNING - No 2025 data returned for station 6241839
2026-02-18 00:46:19,944 - data_fetch - INFO - [23/100] Fetching 2025 data for Unknown (ID: 6240774)...
2026-02-18 00:46:21,536 - data_fetch - WARNING - No 2025 data returned for station 6240774
2026-02-18 00:46:21,536 - data_fetch - INFO - [24/100] Fetching 2025 data for Unknown (ID: 6240773)...
2026-02-18 00:46:23,184 - data_fetch - WARNING - No 2025 data returned for station 6240773
2026-02-18 00:46:23,184 - data_fetch - INFO - [25/100] Fetching 2025 data for Unknown (ID: 6240401)...
2026-02-18 00:46:25,477 - data_fetch - WARNING - No 2025 data returned for station 6240401
2026-02-18 00:46:25,477 - data_fetch - INFO - [26/100] Fetching 2025 data for Unknown (ID: 6240362)...
2026-02-18 00:46:27,246 - data_fetch - WARNING - No 2025 data returned for station 6240362
2026-02-18 00:46:27,246 - data_fetch - INFO - [27/100] Fetching 2025 data for Unknown (ID: 6240211)...
2026-02-18 00:46:29,134 - data_fetch - WARNING - No 2025 data returned for station 6240211
2026-02-18 00:46:29,141 - data_fetch - INFO - [28/100] Fetching 2025 data for Unknown (ID: 6240210)...
2026-02-18 00:46:30,627 - data_fetch - WARNING - No 2025 data returned for station 6240210
2026-02-18 00:46:30,627 - data_fetch - INFO - [29/100] Fetching 2025 data for Unknown (ID: 6240023)...
2026-02-18 00:46:32,107 - data_fetch - WARNING - No 2025 data returned for station 6240023
2026-02-18 00:46:32,107 - data_fetch - INFO - [30/100] Fetching 2025 data for Unknown (ID: 6239910)...
2026-02-18 00:46:34,067 - data_fetch - WARNING - No 2025 data returned for station 6239910
2026-02-18 00:46:34,076 - data_fetch - INFO - [31/100] Fetching 2025 data for Unknown (ID: 6239796)...
2026-02-18 00:46:36,005 - data_fetch - WARNING - No 2025 data returned for station 6239796
2026-02-18 00:46:36,005 - data_fetch - INFO - [32/100] Fetching 2025 data for Unknown (ID: 6239795)...
2026-02-18 00:46:38,003 - data_fetch - WARNING - No 2025 data returned for station 6239795
2026-02-18 00:46:38,004 - data_fetch - INFO - [33/100] Fetching 2025 data for Unknown (ID: 6239756)...
2026-02-18 00:46:41,183 - data_fetch - WARNING - No 2025 data returned for station 6239756
2026-02-18 00:46:41,183 - data_fetch - INFO - [34/100] Fetching 2025 data for Unknown (ID: 6239717)...
2026-02-18 00:46:43,484 - data_fetch - WARNING - No 2025 data returned for station 6239717
2026-02-18 00:46:43,484 - data_fetch - INFO - [35/100] Fetching 2025 data for Unknown (ID: 6239064)...
2026-02-18 00:46:47,622 - data_fetch - WARNING - No 2025 data returned for station 6239064
2026-02-18 00:46:47,622 - data_fetch - INFO - [36/100] Fetching 2025 data for Unknown (ID: 6239029)...
2026-02-18 00:46:50,578 - data_fetch - WARNING - No 2025 data returned for station 6239029
2026-02-18 00:46:50,578 - data_fetch - INFO - [37/100] Fetching 2025 data for Unknown (ID: 6238928)...
2026-02-18 00:46:52,389 - data_fetch - WARNING - No 2025 data returned for station 6238928
2026-02-18 00:46:52,390 - data_fetch - INFO - [38/100] Fetching 2025 data for Unknown (ID: 6238790)...
2026-02-18 00:46:54,504 - data_fetch - WARNING - No 2025 data returned for station 6238790
2026-02-18 00:46:54,504 - data_fetch - INFO - [39/100] Fetching 2025 data for Unknown (ID: 6238789)...
2026-02-18 00:46:57,302 - data_fetch - WARNING - No 2025 data returned for station 6238789
2026-02-18 00:46:57,303 - data_fetch - INFO - [40/100] Fetching 2025 data for Unknown (ID: 6238788)...
2026-02-18 00:46:59,610 - data_fetch - WARNING - No 2025 data returned for station 6238788
2026-02-18 00:46:59,610 - data_fetch - INFO - [41/100] Fetching 2025 data for Unknown (ID: 6238787)...
2026-02-18 00:47:02,708 - data_fetch - WARNING - No 2025 data returned for station 6238787
2026-02-18 00:47:02,708 - data_fetch - INFO - [42/100] Fetching 2025 data for Unknown (ID: 6238786)...
2026-02-18 00:47:04,675 - data_fetch - WARNING - No 2025 data returned for station 6238786
2026-02-18 00:47:04,675 - data_fetch - INFO - [43/100] Fetching 2025 data for Unknown (ID: 6238650)...
2026-02-18 00:47:07,236 - data_fetch - WARNING - No 2025 data returned for station 6238650
2026-02-18 00:47:07,238 - data_fetch - INFO - [44/100] Fetching 2025 data for Unknown (ID: 6238403)...
2026-02-18 00:47:09,074 - data_fetch - WARNING - No 2025 data returned for station 6238403
2026-02-18 00:47:09,074 - data_fetch - INFO - [45/100] Fetching 2025 data for Unknown (ID: 6237988)...
2026-02-18 00:47:10,920 - data_fetch - WARNING - No 2025 data returned for station 6237988
2026-02-18 00:47:10,926 - data_fetch - INFO - [46/100] Fetching 2025 data for Unknown (ID: 6237782)...
2026-02-18 00:47:12,260 - data_fetch - WARNING - No 2025 data returned for station 6237782
2026-02-18 00:47:12,260 - data_fetch - INFO - [47/100] Fetching 2025 data for Unknown (ID: 6237507)...
2026-02-18 00:47:14,095 - data_fetch - WARNING - No 2025 data returned for station 6237507
2026-02-18 00:47:14,096 - data_fetch - INFO - [48/100] Fetching 2025 data for Unknown (ID: 6237431)...
2026-02-18 00:47:15,520 - data_fetch - WARNING - No 2025 data returned for station 6237431
2026-02-18 00:47:15,523 - data_fetch - INFO - [49/100] Fetching 2025 data for Unknown (ID: 6237430)...
2026-02-18 00:47:16,816 - data_fetch - WARNING - No 2025 data returned for station 6237430
2026-02-18 00:47:16,819 - data_fetch - INFO - [50/100] Fetching 2025 data for Unknown (ID: 6237429)...
2026-02-18 00:47:19,130 - data_fetch - WARNING - No 2025 data returned for station 6237429
2026-02-18 00:47:19,130 - data_fetch - INFO - [51/100] Fetching 2025 data for Unknown (ID: 6237428)...
2026-02-18 00:47:20,810 - data_fetch - WARNING - No 2025 data returned for station 6237428
2026-02-18 00:47:20,811 - data_fetch - INFO - [52/100] Fetching 2025 data for Unknown (ID: 6237427)...
2026-02-18 00:47:22,084 - data_fetch - WARNING - No 2025 data returned for station 6237427
2026-02-18 00:47:22,091 - data_fetch - INFO - [53/100] Fetching 2025 data for Unknown (ID: 6237380)...
2026-02-18 00:47:23,862 - data_fetch - WARNING - No 2025 data returned for station 6237380
2026-02-18 00:47:23,864 - data_fetch - INFO - [54/100] Fetching 2025 data for Unknown (ID: 6237379)...
2026-02-18 00:47:25,520 - data_fetch - WARNING - No 2025 data returned for station 6237379
2026-02-18 00:47:25,520 - data_fetch - INFO - [55/100] Fetching 2025 data for Unknown (ID: 6237378)...
2026-02-18 00:47:27,155 - data_fetch - WARNING - No 2025 data returned for station 6237378
2026-02-18 00:47:27,155 - data_fetch - INFO - [56/100] Fetching 2025 data for Unknown (ID: 6237377)...
2026-02-18 00:47:28,776 - data_fetch - WARNING - No 2025 data returned for station 6237377
2026-02-18 00:47:28,776 - data_fetch - INFO - [57/100] Fetching 2025 data for Unknown (ID: 6237376)...
2026-02-18 00:47:30,066 - data_fetch - WARNING - No 2025 data returned for station 6237376
2026-02-18 00:47:30,066 - data_fetch - INFO - [58/100] Fetching 2025 data for Unknown (ID: 6237375)...
2026-02-18 00:47:31,921 - data_fetch - WARNING - No 2025 data returned for station 6237375
2026-02-18 00:47:31,924 - data_fetch - INFO - [59/100] Fetching 2025 data for Unknown (ID: 6237374)...
2026-02-18 00:47:33,961 - data_fetch - WARNING - No 2025 data returned for station 6237374
2026-02-18 00:47:33,961 - data_fetch - INFO - [60/100] Fetching 2025 data for Unknown (ID: 6237373)...
2026-02-18 00:47:35,746 - data_fetch - WARNING - No 2025 data returned for station 6237373
2026-02-18 00:47:35,746 - data_fetch - INFO - [61/100] Fetching 2025 data for Unknown (ID: 6237068)...
2026-02-18 00:47:37,438 - data_fetch - WARNING - No 2025 data returned for station 6237068
2026-02-18 00:47:37,438 - data_fetch - INFO - [62/100] Fetching 2025 data for Unknown (ID: 6236937)...
2026-02-18 00:47:40,614 - data_fetch - WARNING - No 2025 data returned for station 6236937
2026-02-18 00:47:40,614 - data_fetch - INFO - [63/100] Fetching 2025 data for Unknown (ID: 6236874)...
2026-02-18 00:47:42,253 - data_fetch - WARNING - No 2025 data returned for station 6236874
2026-02-18 00:47:42,253 - data_fetch - INFO - [64/100] Fetching 2025 data for Unknown (ID: 6236873)...
2026-02-18 00:47:43,686 - data_fetch - WARNING - No 2025 data returned for station 6236873
2026-02-18 00:47:43,686 - data_fetch - INFO - [65/100] Fetching 2025 data for Unknown (ID: 6236755)...
2026-02-18 00:47:44,711 - data_fetch - WARNING - No 2025 data returned for station 6236755
2026-02-18 00:47:44,716 - data_fetch - INFO - [66/100] Fetching 2025 data for Unknown (ID: 6236723)...
2026-02-18 00:47:46,046 - data_fetch - WARNING - No 2025 data returned for station 6236723
2026-02-18 00:47:46,047 - data_fetch - INFO - [67/100] Fetching 2025 data for Unknown (ID: 6236626)...
2026-02-18 00:47:47,068 - data_fetch - WARNING - No 2025 data returned for station 6236626
2026-02-18 00:47:47,069 - data_fetch - INFO - [68/100] Fetching 2025 data for Unknown (ID: 6236592)...
2026-02-18 00:47:48,298 - data_fetch - WARNING - No 2025 data returned for station 6236592
2026-02-18 00:47:48,298 - data_fetch - INFO - [69/100] Fetching 2025 data for Unknown (ID: 6236590)...
2026-02-18 00:47:49,627 - data_fetch - WARNING - No 2025 data returned for station 6236590
2026-02-18 00:47:49,632 - data_fetch - INFO - [70/100] Fetching 2025 data for Unknown (ID: 6236445)...
2026-02-18 00:47:50,836 - data_fetch - WARNING - No 2025 data returned for station 6236445
2026-02-18 00:47:50,836 - data_fetch - INFO - [71/100] Fetching 2025 data for Unknown (ID: 6236444)...
2026-02-18 00:47:52,188 - data_fetch - WARNING - No 2025 data returned for station 6236444
2026-02-18 00:47:52,188 - data_fetch - INFO - [72/100] Fetching 2025 data for Unknown (ID: 6236048)...
2026-02-18 00:47:53,213 - data_fetch - WARNING - No 2025 data returned for station 6236048
2026-02-18 00:47:53,214 - data_fetch - INFO - [73/100] Fetching 2025 data for Unknown (ID: 6235851)...
2026-02-18 00:47:54,339 - data_fetch - WARNING - No 2025 data returned for station 6235851
2026-02-18 00:47:54,339 - data_fetch - INFO - [74/100] Fetching 2025 data for Unknown (ID: 6235850)...
2026-02-18 00:47:55,264 - data_fetch - WARNING - No 2025 data returned for station 6235850
2026-02-18 00:47:55,266 - data_fetch - INFO - [75/100] Fetching 2025 data for Unknown (ID: 6235816)...
2026-02-18 00:47:56,569 - data_fetch - WARNING - No 2025 data returned for station 6235816
2026-02-18 00:47:56,569 - data_fetch - INFO - [76/100] Fetching 2025 data for Unknown (ID: 6235782)...
2026-02-18 00:47:57,878 - data_fetch - WARNING - No 2025 data returned for station 6235782
2026-02-18 00:47:57,884 - data_fetch - INFO - [77/100] Fetching 2025 data for Unknown (ID: 6235651)...
2026-02-18 00:47:59,436 - data_fetch - WARNING - No 2025 data returned for station 6235651
2026-02-18 00:47:59,436 - data_fetch - INFO - [78/100] Fetching 2025 data for Unknown (ID: 6235414)...
2026-02-18 00:48:01,077 - data_fetch - WARNING - No 2025 data returned for station 6235414
2026-02-18 00:48:01,082 - data_fetch - INFO - [79/100] Fetching 2025 data for Unknown (ID: 6235313)...
2026-02-18 00:48:02,516 - data_fetch - WARNING - No 2025 data returned for station 6235313
2026-02-18 00:48:02,517 - data_fetch - INFO - [80/100] Fetching 2025 data for Unknown (ID: 6234817)...
2026-02-18 00:48:03,877 - data_fetch - WARNING - No 2025 data returned for station 6234817
2026-02-18 00:48:03,877 - data_fetch - INFO - [81/100] Fetching 2025 data for Unknown (ID: 6234783)...
2026-02-18 00:48:05,238 - data_fetch - WARNING - No 2025 data returned for station 6234783
2026-02-18 00:48:05,238 - data_fetch - INFO - [82/100] Fetching 2025 data for Unknown (ID: 6234781)...
2026-02-18 00:48:06,176 - data_fetch - WARNING - No 2025 data returned for station 6234781
2026-02-18 00:48:06,176 - data_fetch - INFO - [83/100] Fetching 2025 data for Unknown (ID: 6234711)...
2026-02-18 00:48:07,161 - data_fetch - WARNING - No 2025 data returned for station 6234711
2026-02-18 00:48:07,161 - data_fetch - INFO - [84/100] Fetching 2025 data for Unknown (ID: 6234677)...
2026-02-18 00:48:13,260 - data_fetch - WARNING - No 2025 data returned for station 6234677
2026-02-18 00:48:13,260 - data_fetch - INFO - [85/100] Fetching 2025 data for Unknown (ID: 6234363)...
2026-02-18 00:48:14,196 - data_fetch - WARNING - No 2025 data returned for station 6234363
2026-02-18 00:48:14,196 - data_fetch - INFO - [86/100] Fetching 2025 data for Unknown (ID: 6234362)...
2026-02-18 00:48:15,510 - data_fetch - WARNING - No 2025 data returned for station 6234362
2026-02-18 00:48:15,510 - data_fetch - INFO - [87/100] Fetching 2025 data for Unknown (ID: 6234255)...
2026-02-18 00:48:16,801 - data_fetch - WARNING - No 2025 data returned for station 6234255
2026-02-18 00:48:16,804 - data_fetch - INFO - [88/100] Fetching 2025 data for Unknown (ID: 6234078)...
2026-02-18 00:48:19,160 - data_fetch - WARNING - No 2025 data returned for station 6234078
2026-02-18 00:48:19,163 - data_fetch - INFO - [89/100] Fetching 2025 data for Unknown (ID: 6233830)...
2026-02-18 00:48:20,347 - data_fetch - WARNING - No 2025 data returned for station 6233830
2026-02-18 00:48:20,347 - data_fetch - INFO - [90/100] Fetching 2025 data for Unknown (ID: 6233829)...
2026-02-18 00:48:21,405 - data_fetch - WARNING - No 2025 data returned for station 6233829
2026-02-18 00:48:21,405 - data_fetch - INFO - [91/100] Fetching 2025 data for Unknown (ID: 6233613)...
2026-02-18 00:48:22,909 - data_fetch - WARNING - No 2025 data returned for station 6233613
2026-02-18 00:48:22,909 - data_fetch - INFO - [92/100] Fetching 2025 data for Unknown (ID: 6233467)...
2026-02-18 00:48:24,839 - data_fetch - WARNING - No 2025 data returned for station 6233467
2026-02-18 00:48:24,842 - data_fetch - INFO - [93/100] Fetching 2025 data for Unknown (ID: 6232996)...
2026-02-18 00:48:25,878 - data_fetch - WARNING - No 2025 data returned for station 6232996
2026-02-18 00:48:25,878 - data_fetch - INFO - [94/100] Fetching 2025 data for Unknown (ID: 6232518)...
2026-02-18 00:48:26,810 - data_fetch - WARNING - No 2025 data returned for station 6232518
2026-02-18 00:48:26,811 - data_fetch - INFO - [95/100] Fetching 2025 data for Unknown (ID: 6232105)...
2026-02-18 00:48:27,732 - data_fetch - WARNING - No 2025 data returned for station 6232105
2026-02-18 00:48:27,733 - data_fetch - INFO - [96/100] Fetching 2025 data for Unknown (ID: 6231999)...
2026-02-18 00:48:28,747 - data_fetch - WARNING - No 2025 data returned for station 6231999
2026-02-18 00:48:28,747 - data_fetch - INFO - [97/100] Fetching 2025 data for Unknown (ID: 6231864)...
2026-02-18 00:48:30,722 - data_fetch - WARNING - No 2025 data returned for station 6231864
2026-02-18 00:48:30,725 - data_fetch - INFO - [98/100] Fetching 2025 data for Unknown (ID: 6231729)...
2026-02-18 00:48:31,711 - data_fetch - WARNING - No 2025 data returned for station 6231729
2026-02-18 00:48:31,717 - main - INFO - --- Step 2: Big Data Processing ---
2026-02-18 00:48:31,717 - bigdata_pipeline - INFO - Starting Big Data Pipeline...
2026-02-18 00:48:31,717 - bigdata_pipeline - ERROR - No raw data found. Run data_fetch.py first.
2026-02-18 00:48:31,717 - main - INFO - --- Execution Complete ---
2026-02-18 00:49:48,733 - main - INFO - Initializing Urban Environmental Intelligence System...
2026-02-18 00:49:48,740 - main - INFO - --- Step 1: Data Acquisition ---
2026-02-18 00:49:48,740 - main - INFO - Fetching data from OpenAQ API...
2026-02-18 00:49:48,741 - data_fetch - INFO - Searching for v3 stations with PM2.5...
2026-02-18 00:49:48,741 - data_fetch - INFO - Requesting https://api.openaq.org/v3/locations with params {'limit': 1000, 'order_by': 'id', 'sort_order': 'desc', 'has_sensors': 'true'}
2026-02-18 00:49:52,217 - data_fetch - INFO - API returned 1000 locations.
2026-02-18 00:49:52,219 - data_fetch - INFO - Found 100 valid stations.
2026-02-18 00:49:52,220 - data_fetch - INFO - [1/100] Fetching 2025 data for Unknown (ID: 6243575)...
2026-02-18 00:49:53,204 - data_fetch - WARNING - No 2025 data returned for station 6243575
2026-02-18 00:49:53,204 - data_fetch - INFO - [2/100] Fetching 2025 data for Unknown (ID: 6243573)...
2026-02-18 00:49:54,558 - data_fetch - WARNING - No 2025 data returned for station 6243573
2026-02-18 00:49:54,558 - data_fetch - INFO - [3/100] Fetching 2025 data for Unknown (ID: 6243463)...
2026-02-18 00:49:56,515 - data_fetch - WARNING - No 2025 data returned for station 6243463
2026-02-18 00:49:56,516 - data_fetch - INFO - [4/100] Fetching 2025 data for Unknown (ID: 6243425)...
2026-02-18 00:49:57,527 - data_fetch - WARNING - No 2025 data returned for station 6243425
2026-02-18 00:49:57,527 - data_fetch - INFO - [5/100] Fetching 2025 data for Unknown (ID: 6243163)...
2026-02-18 00:49:58,846 - data_fetch - WARNING - No 2025 data returned for station 6243163
2026-02-18 00:49:58,846 - data_fetch - INFO - [6/100] Fetching 2025 data for Unknown (ID: 6242648)...
2026-02-18 00:50:00,196 - data_fetch - WARNING - No 2025 data returned for station 6242648
2026-02-18 00:50:00,211 - data_fetch - INFO - [7/100] Fetching 2025 data for Unknown (ID: 6242610)...
2026-02-18 00:50:01,286 - data_fetch - WARNING - No 2025 data returned for station 6242610
2026-02-18 00:50:01,286 - data_fetch - INFO - [8/100] Fetching 2025 data for Unknown (ID: 6242472)...
2026-02-18 00:50:02,891 - data_fetch - WARNING - No 2025 data returned for station 6242472
2026-02-18 00:50:02,894 - data_fetch - INFO - [9/100] Fetching 2025 data for Unknown (ID: 6242471)...
2026-02-18 00:50:05,181 - data_fetch - WARNING - No 2025 data returned for station 6242471
2026-02-18 00:50:05,181 - data_fetch - INFO - [10/100] Fetching 2025 data for Unknown (ID: 6242337)...
2026-02-18 00:50:06,530 - data_fetch - WARNING - No 2025 data returned for station 6242337
2026-02-18 00:50:06,533 - data_fetch - INFO - [11/100] Fetching 2025 data for Unknown (ID: 6242233)...
2026-02-18 00:50:07,447 - data_fetch - WARNING - No 2025 data returned for station 6242233
2026-02-18 00:50:07,448 - data_fetch - INFO - [12/100] Fetching 2025 data for Unknown (ID: 6242232)...
2026-02-18 00:50:08,834 - data_fetch - WARNING - No 2025 data returned for station 6242232
2026-02-18 00:50:08,834 - data_fetch - INFO - [13/100] Fetching 2025 data for Unknown (ID: 6242088)...
2026-02-18 00:50:13,195 - data_fetch - WARNING - No 2025 data returned for station 6242088
2026-02-18 00:50:13,196 - data_fetch - INFO - [14/100] Fetching 2025 data for Unknown (ID: 6242087)...
2026-02-18 00:50:15,121 - data_fetch - WARNING - No 2025 data returned for station 6242087
2026-02-18 00:50:15,121 - data_fetch - INFO - [15/100] Fetching 2025 data for Unknown (ID: 6242086)...
2026-02-18 00:50:17,277 - data_fetch - WARNING - No 2025 data returned for station 6242086
2026-02-18 00:50:17,277 - data_fetch - INFO - [16/100] Fetching 2025 data for Unknown (ID: 6242085)...
2026-02-18 00:50:18,967 - data_fetch - WARNING - No 2025 data returned for station 6242085
2026-02-18 00:50:18,967 - data_fetch - INFO - [17/100] Fetching 2025 data for Unknown (ID: 6242084)...
2026-02-18 00:50:20,567 - data_fetch - WARNING - No 2025 data returned for station 6242084
2026-02-18 00:50:20,568 - data_fetch - INFO - [18/100] Fetching 2025 data for Unknown (ID: 6242083)...
2026-02-18 00:50:21,584 - data_fetch - WARNING - No 2025 data returned for station 6242083
2026-02-18 00:50:21,592 - data_fetch - INFO - [19/100] Fetching 2025 data for Unknown (ID: 6242082)...
2026-02-18 00:50:22,702 - data_fetch - WARNING - No 2025 data returned for station 6242082
2026-02-18 00:50:22,703 - data_fetch - INFO - [20/100] Fetching 2025 data for Unknown (ID: 6242081)...
2026-02-18 00:50:24,099 - data_fetch - WARNING - No 2025 data returned for station 6242081
2026-02-18 00:50:24,100 - data_fetch - INFO - [21/100] Fetching 2025 data for Unknown (ID: 6242079)...
2026-02-18 00:50:26,805 - data_fetch - WARNING - No 2025 data returned for station 6242079
2026-02-18 00:50:26,805 - data_fetch - INFO - [22/100] Fetching 2025 data for Unknown (ID: 6241839)...
2026-02-18 00:50:29,134 - data_fetch - WARNING - No 2025 data returned for station 6241839
2026-02-18 00:50:29,134 - data_fetch - INFO - [23/100] Fetching 2025 data for Unknown (ID: 6240774)...
2026-02-18 00:50:31,215 - data_fetch - WARNING - No 2025 data returned for station 6240774
2026-02-18 00:50:31,216 - data_fetch - INFO - [24/100] Fetching 2025 data for Unknown (ID: 6240773)...
2026-02-18 00:50:32,571 - data_fetch - WARNING - No 2025 data returned for station 6240773
2026-02-18 00:50:32,574 - data_fetch - INFO - [25/100] Fetching 2025 data for Unknown (ID: 6240401)...
2026-02-18 00:50:35,812 - data_fetch - WARNING - No 2025 data returned for station 6240401
2026-02-18 00:50:35,812 - data_fetch - INFO - [26/100] Fetching 2025 data for Unknown (ID: 6240362)...
2026-02-18 00:50:37,667 - data_fetch - WARNING - No 2025 data returned for station 6240362
2026-02-18 00:50:37,667 - data_fetch - INFO - [27/100] Fetching 2025 data for Unknown (ID: 6240211)...
2026-02-18 00:50:40,110 - data_fetch - WARNING - No 2025 data returned for station 6240211
2026-02-18 00:50:40,110 - data_fetch - INFO - [28/100] Fetching 2025 data for Unknown (ID: 6240210)...
2026-02-18 00:50:42,311 - data_fetch - WARNING - No 2025 data returned for station 6240210
2026-02-18 00:50:42,311 - data_fetch - INFO - [29/100] Fetching 2025 data for Unknown (ID: 6240023)...
2026-02-18 00:50:44,843 - data_fetch - WARNING - No 2025 data returned for station 6240023
2026-02-18 00:50:44,844 - data_fetch - INFO - [30/100] Fetching 2025 data for Unknown (ID: 6239910)...
2026-02-18 00:50:45,964 - data_fetch - WARNING - No 2025 data returned for station 6239910
2026-02-18 00:50:45,965 - data_fetch - INFO - [31/100] Fetching 2025 data for Unknown (ID: 6239796)...
2026-02-18 00:50:47,611 - data_fetch - WARNING - No 2025 data returned for station 6239796
2026-02-18 00:50:47,611 - data_fetch - INFO - [32/100] Fetching 2025 data for Unknown (ID: 6239795)...
2026-02-18 00:50:50,617 - data_fetch - WARNING - No 2025 data returned for station 6239795
2026-02-18 00:50:50,620 - data_fetch - INFO - [33/100] Fetching 2025 data for Unknown (ID: 6239756)...
2026-02-18 00:50:52,817 - data_fetch - WARNING - No 2025 data returned for station 6239756
2026-02-18 00:50:52,824 - data_fetch - INFO - [34/100] Fetching 2025 data for Unknown (ID: 6239717)...
2026-02-18 00:50:54,934 - data_fetch - WARNING - No 2025 data returned for station 6239717
2026-02-18 00:50:54,934 - data_fetch - INFO - [35/100] Fetching 2025 data for Unknown (ID: 6239064)...
2026-02-18 00:50:56,146 - data_fetch - WARNING - No 2025 data returned for station 6239064
2026-02-18 00:50:56,153 - data_fetch - INFO - [36/100] Fetching 2025 data for Unknown (ID: 6239029)...
2026-02-18 00:51:00,912 - data_fetch - WARNING - No 2025 data returned for station 6239029
2026-02-18 00:51:00,912 - data_fetch - INFO - [37/100] Fetching 2025 data for Unknown (ID: 6238928)...
2026-02-18 00:51:03,093 - data_fetch - WARNING - No 2025 data returned for station 6238928
2026-02-18 00:51:03,093 - data_fetch - INFO - [38/100] Fetching 2025 data for Unknown (ID: 6238790)...
2026-02-18 00:51:05,300 - data_fetch - WARNING - No 2025 data returned for station 6238790
2026-02-18 00:51:05,303 - data_fetch - INFO - [39/100] Fetching 2025 data for Unknown (ID: 6238789)...
2026-02-18 00:51:08,126 - data_fetch - WARNING - No 2025 data returned for station 6238789
2026-02-18 00:51:08,127 - data_fetch - INFO - [40/100] Fetching 2025 data for Unknown (ID: 6238788)...
2026-02-18 00:51:10,734 - data_fetch - WARNING - No 2025 data returned for station 6238788
2026-02-18 00:51:10,740 - data_fetch - INFO - [41/100] Fetching 2025 data for Unknown (ID: 6238787)...
2026-02-18 00:51:12,586 - data_fetch - WARNING - No 2025 data returned for station 6238787
2026-02-18 00:51:12,586 - data_fetch - INFO - [42/100] Fetching 2025 data for Unknown (ID: 6238786)...
2026-02-18 00:51:14,430 - data_fetch - WARNING - No 2025 data returned for station 6238786
2026-02-18 00:51:14,434 - data_fetch - INFO - [43/100] Fetching 2025 data for Unknown (ID: 6238650)...
2026-02-18 00:51:15,833 - data_fetch - WARNING - No 2025 data returned for station 6238650
2026-02-18 00:51:15,833 - data_fetch - INFO - [44/100] Fetching 2025 data for Unknown (ID: 6238403)...
2026-02-18 00:51:17,075 - data_fetch - WARNING - No 2025 data returned for station 6238403
2026-02-18 00:51:17,075 - data_fetch - INFO - [45/100] Fetching 2025 data for Unknown (ID: 6237988)...
2026-02-18 00:51:19,243 - data_fetch - WARNING - No 2025 data returned for station 6237988
2026-02-18 00:51:19,246 - data_fetch - INFO - [46/100] Fetching 2025 data for Unknown (ID: 6237782)...
2026-02-18 00:51:20,542 - data_fetch - WARNING - No 2025 data returned for station 6237782
2026-02-18 00:51:20,543 - data_fetch - INFO - [47/100] Fetching 2025 data for Unknown (ID: 6237507)...
2026-02-18 00:51:21,807 - data_fetch - WARNING - No 2025 data returned for station 6237507
2026-02-18 00:51:21,811 - data_fetch - INFO - [48/100] Fetching 2025 data for Unknown (ID: 6237431)...
2026-02-18 00:51:23,676 - data_fetch - WARNING - No 2025 data returned for station 6237431
2026-02-18 00:51:23,676 - data_fetch - INFO - [49/100] Fetching 2025 data for Unknown (ID: 6237430)...
2026-02-18 00:51:25,393 - data_fetch - WARNING - No 2025 data returned for station 6237430
2026-02-18 00:51:25,393 - data_fetch - INFO - [50/100] Fetching 2025 data for Unknown (ID: 6237429)...
2026-02-18 00:51:26,703 - data_fetch - WARNING - No 2025 data returned for station 6237429
2026-02-18 00:51:26,704 - data_fetch - INFO - [51/100] Fetching 2025 data for Unknown (ID: 6237428)...
2026-02-18 00:51:28,862 - data_fetch - WARNING - No 2025 data returned for station 6237428
2026-02-18 00:51:28,862 - data_fetch - INFO - [52/100] Fetching 2025 data for Unknown (ID: 6237427)...
2026-02-18 00:51:30,728 - data_fetch - WARNING - No 2025 data returned for station 6237427
2026-02-18 00:51:30,728 - data_fetch - INFO - [53/100] Fetching 2025 data for Unknown (ID: 6237380)...
2026-02-18 00:51:33,885 - data_fetch - WARNING - No 2025 data returned for station 6237380
2026-02-18 00:51:33,887 - data_fetch - INFO - [54/100] Fetching 2025 data for Unknown (ID: 6237379)...
2026-02-18 00:51:35,542 - data_fetch - WARNING - No 2025 data returned for station 6237379
2026-02-18 00:51:35,543 - data_fetch - INFO - [55/100] Fetching 2025 data for Unknown (ID: 6237378)...
2026-02-18 00:51:38,293 - data_fetch - WARNING - No 2025 data returned for station 6237378
2026-02-18 00:51:38,295 - data_fetch - INFO - [56/100] Fetching 2025 data for Unknown (ID: 6237377)...
2026-02-18 00:51:41,260 - data_fetch - WARNING - No 2025 data returned for station 6237377
2026-02-18 00:51:41,260 - data_fetch - INFO - [57/100] Fetching 2025 data for Unknown (ID: 6237376)...
2026-02-18 00:51:43,291 - data_fetch - WARNING - No 2025 data returned for station 6237376
2026-02-18 00:51:43,291 - data_fetch - INFO - [58/100] Fetching 2025 data for Unknown (ID: 6237375)...
2026-02-18 00:51:45,553 - data_fetch - WARNING - No 2025 data returned for station 6237375
2026-02-18 00:51:45,553 - data_fetch - INFO - [59/100] Fetching 2025 data for Unknown (ID: 6237374)...
2026-02-18 00:51:47,301 - data_fetch - WARNING - No 2025 data returned for station 6237374
2026-02-18 00:51:47,301 - data_fetch - INFO - [60/100] Fetching 2025 data for Unknown (ID: 6237373)...
2026-02-18 00:51:49,144 - data_fetch - WARNING - No 2025 data returned for station 6237373
2026-02-18 00:51:49,146 - data_fetch - INFO - [61/100] Fetching 2025 data for Unknown (ID: 6237068)...
2026-02-18 00:51:50,876 - data_fetch - WARNING - No 2025 data returned for station 6237068
2026-02-18 00:51:50,877 - data_fetch - INFO - [62/100] Fetching 2025 data for Unknown (ID: 6236937)...
2026-02-18 00:51:52,933 - data_fetch - WARNING - No 2025 data returned for station 6236937
2026-02-18 00:51:52,934 - data_fetch - INFO - [63/100] Fetching 2025 data for Unknown (ID: 6236874)...
2026-02-18 00:51:54,674 - data_fetch - WARNING - No 2025 data returned for station 6236874
2026-02-18 00:51:54,675 - data_fetch - INFO - [64/100] Fetching 2025 data for Unknown (ID: 6236873)...
2026-02-18 00:51:55,916 - data_fetch - WARNING - No 2025 data returned for station 6236873
2026-02-18 00:51:55,916 - data_fetch - INFO - [65/100] Fetching 2025 data for Unknown (ID: 6236755)...
2026-02-18 00:51:57,234 - data_fetch - WARNING - No 2025 data returned for station 6236755
2026-02-18 00:51:57,234 - data_fetch - INFO - [66/100] Fetching 2025 data for Unknown (ID: 6236723)...
2026-02-18 00:51:58,660 - data_fetch - WARNING - No 2025 data returned for station 6236723
2026-02-18 00:51:58,666 - data_fetch - INFO - [67/100] Fetching 2025 data for Unknown (ID: 6236626)...
2026-02-18 00:52:00,347 - data_fetch - WARNING - No 2025 data returned for station 6236626
2026-02-18 00:52:00,347 - data_fetch - INFO - [68/100] Fetching 2025 data for Unknown (ID: 6236592)...
2026-02-18 00:52:03,134 - data_fetch - WARNING - No 2025 data returned for station 6236592
2026-02-18 00:52:03,134 - data_fetch - INFO - [69/100] Fetching 2025 data for Unknown (ID: 6236590)...
2026-02-18 00:52:04,490 - data_fetch - WARNING - No 2025 data returned for station 6236590
2026-02-18 00:52:04,493 - data_fetch - INFO - [70/100] Fetching 2025 data for Unknown (ID: 6236445)...
2026-02-18 00:52:06,116 - data_fetch - WARNING - No 2025 data returned for station 6236445
2026-02-18 00:52:06,116 - data_fetch - INFO - [71/100] Fetching 2025 data for Unknown (ID: 6236444)...
2026-02-18 00:52:08,884 - data_fetch - WARNING - No 2025 data returned for station 6236444
2026-02-18 00:52:08,885 - data_fetch - INFO - [72/100] Fetching 2025 data for Unknown (ID: 6236048)...
2026-02-18 00:52:10,727 - data_fetch - WARNING - No 2025 data returned for station 6236048
2026-02-18 00:52:10,727 - data_fetch - INFO - [73/100] Fetching 2025 data for Unknown (ID: 6235851)...
2026-02-18 00:52:12,553 - data_fetch - WARNING - No 2025 data returned for station 6235851
2026-02-18 00:52:12,553 - data_fetch - INFO - [74/100] Fetching 2025 data for Unknown (ID: 6235850)...
2026-02-18 00:52:13,925 - data_fetch - WARNING - No 2025 data returned for station 6235850
2026-02-18 00:52:13,925 - data_fetch - INFO - [75/100] Fetching 2025 data for Unknown (ID: 6235816)...
2026-02-18 00:52:17,290 - data_fetch - WARNING - No 2025 data returned for station 6235816
2026-02-18 00:52:17,290 - data_fetch - INFO - [76/100] Fetching 2025 data for Unknown (ID: 6235782)...
2026-02-18 00:52:19,516 - data_fetch - WARNING - No 2025 data returned for station 6235782
2026-02-18 00:52:19,520 - data_fetch - INFO - [77/100] Fetching 2025 data for Unknown (ID: 6235651)...
2026-02-18 00:52:21,241 - data_fetch - WARNING - No 2025 data returned for station 6235651
2026-02-18 00:52:21,241 - data_fetch - INFO - [78/100] Fetching 2025 data for Unknown (ID: 6235414)...
2026-02-18 00:52:26,184 - data_fetch - WARNING - No 2025 data returned for station 6235414
2026-02-18 00:52:26,184 - data_fetch - INFO - [79/100] Fetching 2025 data for Unknown (ID: 6235313)...
2026-02-18 00:52:27,846 - data_fetch - WARNING - No 2025 data returned for station 6235313
2026-02-18 00:52:27,848 - data_fetch - INFO - [80/100] Fetching 2025 data for Unknown (ID: 6234817)...
2026-02-18 00:52:29,180 - data_fetch - WARNING - No 2025 data returned for station 6234817
2026-02-18 00:52:29,180 - data_fetch - INFO - [81/100] Fetching 2025 data for Unknown (ID: 6234783)...
2026-02-18 00:52:31,416 - data_fetch - WARNING - No 2025 data returned for station 6234783
2026-02-18 00:52:31,416 - data_fetch - INFO - [82/100] Fetching 2025 data for Unknown (ID: 6234781)...
2026-02-18 00:52:32,840 - data_fetch - WARNING - No 2025 data returned for station 6234781
2026-02-18 00:52:32,842 - data_fetch - INFO - [83/100] Fetching 2025 data for Unknown (ID: 6234711)...
2026-02-18 00:52:34,103 - data_fetch - WARNING - No 2025 data returned for station 6234711
2026-02-18 00:52:34,103 - data_fetch - INFO - [84/100] Fetching 2025 data for Unknown (ID: 6234677)...
2026-02-18 00:52:35,420 - data_fetch - WARNING - No 2025 data returned for station 6234677
2026-02-18 00:52:35,426 - data_fetch - INFO - [85/100] Fetching 2025 data for Unknown (ID: 6234363)...
2026-02-18 00:52:37,428 - data_fetch - WARNING - No 2025 data returned for station 6234363
2026-02-18 00:52:37,428 - data_fetch - INFO - [86/100] Fetching 2025 data for Unknown (ID: 6234362)...
2026-02-18 00:52:38,833 - data_fetch - WARNING - No 2025 data returned for station 6234362
2026-02-18 00:52:38,834 - data_fetch - INFO - [87/100] Fetching 2025 data for Unknown (ID: 6234255)...
2026-02-18 00:52:40,984 - data_fetch - WARNING - No 2025 data returned for station 6234255
2026-02-18 00:52:40,984 - data_fetch - INFO - [88/100] Fetching 2025 data for Unknown (ID: 6234078)...
2026-02-18 00:52:42,284 - data_fetch - WARNING - No 2025 data returned for station 6234078
2026-02-18 00:52:42,284 - data_fetch - INFO - [89/100] Fetching 2025 data for Unknown (ID: 6233830)...
2026-02-18 00:52:44,334 - data_fetch - WARNING - No 2025 data returned for station 6233830
2026-02-18 00:52:44,334 - data_fetch - INFO - [90/100] Fetching 2025 data for Unknown (ID: 6233829)...
2026-02-18 00:52:46,176 - data_fetch - WARNING - No 2025 data returned for station 6233829
2026-02-18 00:52:46,176 - data_fetch - INFO - [91/100] Fetching 2025 data for Unknown (ID: 6233613)...
2026-02-18 00:52:47,487 - data_fetch - WARNING - No 2025 data returned for station 6233613
2026-02-18 00:52:47,487 - data_fetch - INFO - [92/100] Fetching 2025 data for Unknown (ID: 6233467)...
2026-02-18 00:52:49,456 - data_fetch - WARNING - No 2025 data returned for station 6233467
2026-02-18 00:52:49,456 - data_fetch - INFO - [93/100] Fetching 2025 data for Unknown (ID: 6232996)...
2026-02-18 00:52:52,224 - data_fetch - WARNING - No 2025 data returned for station 6232996
2026-02-18 00:52:52,226 - data_fetch - INFO - [94/100] Fetching 2025 data for Unknown (ID: 6232518)...
2026-02-18 00:52:53,757 - data_fetch - WARNING - No 2025 data returned for station 6232518
2026-02-18 00:52:53,757 - data_fetch - INFO - [95/100] Fetching 2025 data for Unknown (ID: 6232105)...
2026-02-18 00:52:56,011 - data_fetch - WARNING - No 2025 data returned for station 6232105
2026-02-18 00:52:56,011 - data_fetch - INFO - [96/100] Fetching 2025 data for Unknown (ID: 6231999)...
2026-02-18 00:52:57,446 - data_fetch - WARNING - No 2025 data returned for station 6231999
2026-02-18 00:52:57,446 - data_fetch - INFO - [97/100] Fetching 2025 data for Unknown (ID: 6231864)...
2026-02-18 00:52:59,090 - data_fetch - WARNING - No 2025 data returned for station 6231864
2026-02-18 00:52:59,091 - data_fetch - INFO - [98/100] Fetching 2025 data for Unknown (ID: 6231729)...
2026-02-18 00:53:00,966 - data_fetch - WARNING - No 2025 data returned for station 6231729
2026-02-18 00:53:00,967 - data_fetch - INFO - [99/100] Fetching 2025 data for Unknown (ID: 6231320)...
2026-02-18 00:53:02,862 - data_fetch - WARNING - No 2025 data returned for station 6231320
2026-02-18 00:53:02,862 - data_fetch - INFO - [100/100] Fetching 2025 data for Unknown (ID: 6230961)...
2026-02-18 00:53:04,754 - data_fetch - WARNING - No 2025 data returned for station 6230961
2026-02-18 00:53:04,756 - main - INFO - --- Step 2: Big Data Processing ---
2026-02-18 00:53:04,756 - bigdata_pipeline - INFO - Starting Big Data Pipeline...
2026-02-18 00:53:04,759 - bigdata_pipeline - ERROR - No raw data found. Run data_fetch.py first.
2026-02-18 00:53:04,759 - main - INFO - --- Execution Complete ---
2026-02-18 00:56:03,510 - main - INFO - Initializing Urban Environmental Intelligence System...
2026-02-18 00:56:03,510 - main - INFO - --- Step 1: Data Acquisition ---
2026-02-18 00:56:03,510 - main - INFO - Fetching data from OpenAQ API...
2026-02-18 00:56:03,510 - data_fetch - INFO - Searching for v3 stations with PM2.5...
2026-02-18 00:56:03,510 - data_fetch - INFO - Requesting https://api.openaq.org/v3/locations with params {'limit': 1000, 'order_by': 'id', 'sort_order': 'asc', 'has_sensors': 'true'}
2026-02-18 00:56:07,541 - data_fetch - INFO - API returned 1000 locations.
2026-02-18 00:56:07,543 - data_fetch - INFO - Found 100 valid stations.
2026-02-18 00:56:07,547 - data_fetch - INFO - [1/100] Fetching 2025 data for Unknown (ID: 3)...
2026-02-18 00:56:09,071 - data_fetch - WARNING - No 2025 data returned for station 3
2026-02-18 00:56:09,071 - data_fetch - INFO - [2/100] Fetching 2025 data for Unknown (ID: 4)...
2026-02-18 00:56:09,959 - data_fetch - WARNING - No 2025 data returned for station 4
2026-02-18 00:56:09,960 - data_fetch - INFO - [3/100] Fetching 2025 data for Unknown (ID: 5)...
2026-02-18 00:56:12,414 - data_fetch - WARNING - No 2025 data returned for station 5
2026-02-18 00:56:12,414 - data_fetch - INFO - [4/100] Fetching 2025 data for Unknown (ID: 6)...
2026-02-18 00:56:15,931 - data_fetch - WARNING - No 2025 data returned for station 6
2026-02-18 00:56:15,931 - data_fetch - INFO - [5/100] Fetching 2025 data for Unknown (ID: 7)...
2026-02-18 00:56:17,395 - data_fetch - WARNING - No 2025 data returned for station 7
2026-02-18 00:56:17,397 - data_fetch - INFO - [6/100] Fetching 2025 data for Unknown (ID: 8)...
2026-02-18 00:56:19,434 - data_fetch - WARNING - No 2025 data returned for station 8
2026-02-18 00:56:19,435 - data_fetch - INFO - [7/100] Fetching 2025 data for Unknown (ID: 9)...
2026-02-18 00:56:20,791 - data_fetch - WARNING - No 2025 data returned for station 9
2026-02-18 00:56:20,791 - data_fetch - INFO - [8/100] Fetching 2025 data for Unknown (ID: 10)...
2026-02-18 00:56:23,678 - data_fetch - WARNING - No 2025 data returned for station 10
2026-02-18 00:56:23,680 - data_fetch - INFO - [9/100] Fetching 2025 data for Unknown (ID: 11)...
2026-02-18 00:56:25,260 - data_fetch - WARNING - No 2025 data returned for station 11
2026-02-18 00:56:25,261 - data_fetch - INFO - [10/100] Fetching 2025 data for Unknown (ID: 12)...
2026-02-18 00:56:28,946 - data_fetch - WARNING - No 2025 data returned for station 12
2026-02-18 00:56:28,946 - data_fetch - INFO - [11/100] Fetching 2025 data for Unknown (ID: 13)...
2026-02-18 00:56:29,916 - data_fetch - WARNING - No 2025 data returned for station 13
2026-02-18 00:56:29,916 - data_fetch - INFO - [12/100] Fetching 2025 data for Unknown (ID: 14)...
2026-02-18 00:56:31,823 - data_fetch - WARNING - No 2025 data returned for station 14
2026-02-18 00:56:31,824 - data_fetch - INFO - [13/100] Fetching 2025 data for Unknown (ID: 15)...
2026-02-18 00:56:32,743 - data_fetch - WARNING - No 2025 data returned for station 15
2026-02-18 00:56:32,743 - data_fetch - INFO - [14/100] Fetching 2025 data for Unknown (ID: 16)...
2026-02-18 00:56:33,625 - data_fetch - WARNING - No 2025 data returned for station 16
2026-02-18 00:56:33,625 - data_fetch - INFO - [15/100] Fetching 2025 data for Unknown (ID: 17)...
2026-02-18 00:56:34,768 - data_fetch - WARNING - No 2025 data returned for station 17
2026-02-18 00:56:34,769 - data_fetch - INFO - [16/100] Fetching 2025 data for Unknown (ID: 18)...
2026-02-18 00:56:36,139 - data_fetch - WARNING - No 2025 data returned for station 18
2026-02-18 00:56:36,140 - data_fetch - INFO - [17/100] Fetching 2025 data for Unknown (ID: 19)...
2026-02-18 00:56:39,062 - data_fetch - WARNING - No 2025 data returned for station 19
2026-02-18 00:56:39,062 - data_fetch - INFO - [18/100] Fetching 2025 data for Unknown (ID: 21)...
2026-02-18 00:56:41,454 - data_fetch - WARNING - No 2025 data returned for station 21
2026-02-18 00:56:41,454 - data_fetch - INFO - [19/100] Fetching 2025 data for Unknown (ID: 22)...
2026-02-18 00:56:42,483 - data_fetch - WARNING - No 2025 data returned for station 22
2026-02-18 00:56:42,484 - data_fetch - INFO - [20/100] Fetching 2025 data for Unknown (ID: 23)...
2026-02-18 00:56:43,395 - data_fetch - WARNING - No 2025 data returned for station 23
2026-02-18 00:56:43,397 - data_fetch - INFO - [21/100] Fetching 2025 data for Unknown (ID: 24)...
2026-02-18 00:56:44,716 - data_fetch - WARNING - No 2025 data returned for station 24
2026-02-18 00:56:44,716 - data_fetch - INFO - [22/100] Fetching 2025 data for Unknown (ID: 25)...
2026-02-18 00:56:46,040 - data_fetch - WARNING - No 2025 data returned for station 25
2026-02-18 00:56:46,042 - data_fetch - INFO - [23/100] Fetching 2025 data for Unknown (ID: 26)...
2026-02-18 00:56:47,360 - data_fetch - WARNING - No 2025 data returned for station 26
2026-02-18 00:56:47,361 - data_fetch - INFO - [24/100] Fetching 2025 data for Unknown (ID: 27)...
2026-02-18 00:56:48,270 - data_fetch - WARNING - No 2025 data returned for station 27
2026-02-18 00:56:48,270 - data_fetch - INFO - [25/100] Fetching 2025 data for Unknown (ID: 28)...
2026-02-18 00:56:49,544 - data_fetch - WARNING - No 2025 data returned for station 28
2026-02-18 00:56:49,545 - data_fetch - INFO - [26/100] Fetching 2025 data for Unknown (ID: 31)...
2026-02-18 00:56:50,870 - data_fetch - WARNING - No 2025 data returned for station 31
2026-02-18 00:56:50,871 - data_fetch - INFO - [27/100] Fetching 2025 data for Unknown (ID: 32)...
2026-02-18 00:56:52,196 - data_fetch - WARNING - No 2025 data returned for station 32
2026-02-18 00:56:52,196 - data_fetch - INFO - [28/100] Fetching 2025 data for Unknown (ID: 34)...
2026-02-18 00:56:53,103 - data_fetch - WARNING - No 2025 data returned for station 34
2026-02-18 00:56:53,105 - data_fetch - INFO - [29/100] Fetching 2025 data for Unknown (ID: 41)...
2026-02-18 00:56:54,041 - data_fetch - WARNING - No 2025 data returned for station 41
2026-02-18 00:56:54,041 - data_fetch - INFO - [30/100] Fetching 2025 data for Unknown (ID: 42)...
2026-02-18 00:56:55,024 - data_fetch - WARNING - No 2025 data returned for station 42
2026-02-18 00:56:55,026 - data_fetch - INFO - [31/100] Fetching 2025 data for Unknown (ID: 43)...
2026-02-18 00:56:57,276 - data_fetch - WARNING - No 2025 data returned for station 43
2026-02-18 00:56:57,276 - data_fetch - INFO - [32/100] Fetching 2025 data for Unknown (ID: 44)...
2026-02-18 00:56:58,590 - data_fetch - WARNING - No 2025 data returned for station 44
2026-02-18 00:56:58,590 - data_fetch - INFO - [33/100] Fetching 2025 data for Unknown (ID: 45)...
2026-02-18 00:56:59,916 - data_fetch - WARNING - No 2025 data returned for station 45
2026-02-18 00:56:59,916 - data_fetch - INFO - [34/100] Fetching 2025 data for Unknown (ID: 46)...
2026-02-18 00:57:01,487 - data_fetch - WARNING - No 2025 data returned for station 46
2026-02-18 00:57:01,487 - data_fetch - INFO - [35/100] Fetching 2025 data for Unknown (ID: 47)...
2026-02-18 00:57:02,362 - data_fetch - WARNING - No 2025 data returned for station 47
2026-02-18 00:57:02,362 - data_fetch - INFO - [36/100] Fetching 2025 data for Unknown (ID: 48)...
2026-02-18 00:57:03,249 - data_fetch - WARNING - No 2025 data returned for station 48
2026-02-18 00:57:03,249 - data_fetch - INFO - [37/100] Fetching 2025 data for Unknown (ID: 50)...
2026-02-18 00:57:04,716 - data_fetch - WARNING - No 2025 data returned for station 50
2026-02-18 00:57:04,716 - data_fetch - INFO - [38/100] Fetching 2025 data for Unknown (ID: 51)...
2026-02-18 00:57:06,034 - data_fetch - WARNING - No 2025 data returned for station 51
2026-02-18 00:57:06,034 - data_fetch - INFO - [39/100] Fetching 2025 data for Unknown (ID: 52)...
2026-02-18 00:57:06,975 - data_fetch - WARNING - No 2025 data returned for station 52
2026-02-18 00:57:06,975 - data_fetch - INFO - [40/100] Fetching 2025 data for Unknown (ID: 53)...
2026-02-18 00:57:07,910 - data_fetch - WARNING - No 2025 data returned for station 53
2026-02-18 00:57:07,910 - data_fetch - INFO - [41/100] Fetching 2025 data for Unknown (ID: 54)...
2026-02-18 00:57:08,853 - data_fetch - WARNING - No 2025 data returned for station 54
2026-02-18 00:57:08,854 - data_fetch - INFO - [42/100] Fetching 2025 data for Unknown (ID: 55)...
2026-02-18 00:57:10,774 - data_fetch - WARNING - No 2025 data returned for station 55
2026-02-18 00:57:10,775 - data_fetch - INFO - [43/100] Fetching 2025 data for Unknown (ID: 59)...
2026-02-18 00:57:12,084 - data_fetch - WARNING - No 2025 data returned for station 59
2026-02-18 00:57:12,084 - data_fetch - INFO - [44/100] Fetching 2025 data for Unknown (ID: 60)...
2026-02-18 00:57:13,075 - data_fetch - WARNING - No 2025 data returned for station 60
2026-02-18 00:57:13,083 - data_fetch - INFO - [45/100] Fetching 2025 data for Unknown (ID: 65)...
2026-02-18 00:57:14,375 - data_fetch - WARNING - No 2025 data returned for station 65
2026-02-18 00:57:14,375 - data_fetch - INFO - [46/100] Fetching 2025 data for Unknown (ID: 67)...
2026-02-18 00:57:15,296 - data_fetch - WARNING - No 2025 data returned for station 67
2026-02-18 00:57:15,296 - data_fetch - INFO - [47/100] Fetching 2025 data for Unknown (ID: 68)...
2026-02-18 00:57:16,596 - data_fetch - WARNING - No 2025 data returned for station 68
2026-02-18 00:57:16,596 - data_fetch - INFO - [48/100] Fetching 2025 data for Unknown (ID: 69)...
2026-02-18 00:57:17,510 - data_fetch - WARNING - No 2025 data returned for station 69
2026-02-18 00:57:17,510 - data_fetch - INFO - [49/100] Fetching 2025 data for Unknown (ID: 71)...
2026-02-18 00:57:18,823 - data_fetch - WARNING - No 2025 data returned for station 71
2026-02-18 00:57:18,823 - data_fetch - INFO - [50/100] Fetching 2025 data for Unknown (ID: 72)...
2026-02-18 00:57:19,738 - data_fetch - WARNING - No 2025 data returned for station 72
2026-02-18 00:57:19,740 - data_fetch - INFO - [51/100] Fetching 2025 data for Unknown (ID: 73)...
2026-02-18 00:57:20,646 - data_fetch - WARNING - No 2025 data returned for station 73
2026-02-18 00:57:20,646 - data_fetch - INFO - [52/100] Fetching 2025 data for Unknown (ID: 76)...
2026-02-18 00:57:21,566 - data_fetch - WARNING - No 2025 data returned for station 76
2026-02-18 00:57:21,566 - data_fetch - INFO - [53/100] Fetching 2025 data for Unknown (ID: 77)...
2026-02-18 00:57:22,733 - data_fetch - WARNING - No 2025 data returned for station 77
2026-02-18 00:57:22,733 - data_fetch - INFO - [54/100] Fetching 2025 data for Unknown (ID: 79)...
2026-02-18 00:57:24,046 - data_fetch - WARNING - No 2025 data returned for station 79
2026-02-18 00:57:24,046 - data_fetch - INFO - [55/100] Fetching 2025 data for Unknown (ID: 80)...
2026-02-18 00:57:24,955 - data_fetch - WARNING - No 2025 data returned for station 80
2026-02-18 00:57:24,960 - data_fetch - INFO - [56/100] Fetching 2025 data for Unknown (ID: 93)...
2026-02-18 00:57:25,876 - data_fetch - WARNING - No 2025 data returned for station 93
2026-02-18 00:57:25,876 - data_fetch - INFO - [57/100] Fetching 2025 data for Unknown (ID: 95)...
2026-02-18 00:57:27,463 - data_fetch - WARNING - No 2025 data returned for station 95
2026-02-18 00:57:27,466 - data_fetch - INFO - [58/100] Fetching 2025 data for Unknown (ID: 96)...
2026-02-18 00:57:28,379 - data_fetch - WARNING - No 2025 data returned for station 96
2026-02-18 00:57:28,379 - data_fetch - INFO - [59/100] Fetching 2025 data for Unknown (ID: 97)...
2026-02-18 00:57:29,297 - data_fetch - WARNING - No 2025 data returned for station 97
2026-02-18 00:57:29,297 - data_fetch - INFO - [60/100] Fetching 2025 data for Unknown (ID: 98)...
2026-02-18 00:57:31,684 - data_fetch - WARNING - No 2025 data returned for station 98
2026-02-18 00:57:31,684 - data_fetch - INFO - [61/100] Fetching 2025 data for Unknown (ID: 99)...
2026-02-18 00:57:33,228 - data_fetch - WARNING - No 2025 data returned for station 99
2026-02-18 00:57:33,228 - data_fetch - INFO - [62/100] Fetching 2025 data for Unknown (ID: 100)...
2026-02-18 00:57:34,516 - data_fetch - WARNING - No 2025 data returned for station 100
2026-02-18 00:57:34,516 - data_fetch - INFO - [63/100] Fetching 2025 data for Unknown (ID: 101)...
2026-02-18 00:57:36,407 - data_fetch - WARNING - No 2025 data returned for station 101
2026-02-18 00:57:36,407 - data_fetch - INFO - [64/100] Fetching 2025 data for Unknown (ID: 102)...
2026-02-18 00:57:37,643 - data_fetch - WARNING - No 2025 data returned for station 102
2026-02-18 00:57:37,645 - data_fetch - INFO - [65/100] Fetching 2025 data for Unknown (ID: 103)...
2026-02-18 00:57:38,916 - data_fetch - WARNING - No 2025 data returned for station 103
2026-02-18 00:57:38,917 - data_fetch - INFO - [66/100] Fetching 2025 data for Unknown (ID: 135)...
2026-02-18 00:57:40,197 - data_fetch - WARNING - No 2025 data returned for station 135
2026-02-18 00:57:40,198 - data_fetch - INFO - [67/100] Fetching 2025 data for Unknown (ID: 137)...
2026-02-18 00:57:41,097 - data_fetch - WARNING - No 2025 data returned for station 137
2026-02-18 00:57:41,097 - data_fetch - INFO - [68/100] Fetching 2025 data for Unknown (ID: 139)...
2026-02-18 00:57:42,100 - data_fetch - WARNING - No 2025 data returned for station 139
2026-02-18 00:57:42,101 - data_fetch - INFO - [69/100] Fetching 2025 data for Unknown (ID: 140)...
2026-02-18 00:57:43,027 - data_fetch - WARNING - No 2025 data returned for station 140
2026-02-18 00:57:43,028 - data_fetch - INFO - [70/100] Fetching 2025 data for Unknown (ID: 141)...
2026-02-18 00:57:44,372 - data_fetch - WARNING - No 2025 data returned for station 141
2026-02-18 00:57:44,377 - data_fetch - INFO - [71/100] Fetching 2025 data for Unknown (ID: 142)...
2026-02-18 00:57:45,284 - data_fetch - WARNING - No 2025 data returned for station 142
2026-02-18 00:57:45,284 - data_fetch - INFO - [72/100] Fetching 2025 data for Unknown (ID: 143)...
2026-02-18 00:57:46,598 - data_fetch - WARNING - No 2025 data returned for station 143
2026-02-18 00:57:46,598 - data_fetch - INFO - [73/100] Fetching 2025 data for Unknown (ID: 144)...
2026-02-18 00:57:47,483 - data_fetch - WARNING - No 2025 data returned for station 144
2026-02-18 00:57:47,484 - data_fetch - INFO - [74/100] Fetching 2025 data for Unknown (ID: 145)...
2026-02-18 00:57:48,373 - data_fetch - WARNING - No 2025 data returned for station 145
2026-02-18 00:57:48,373 - data_fetch - INFO - [75/100] Fetching 2025 data for Unknown (ID: 146)...
2026-02-18 00:57:49,275 - data_fetch - WARNING - No 2025 data returned for station 146
2026-02-18 00:57:49,275 - data_fetch - INFO - [76/100] Fetching 2025 data for Unknown (ID: 147)...
2026-02-18 00:57:50,295 - data_fetch - WARNING - No 2025 data returned for station 147
2026-02-18 00:57:50,297 - data_fetch - INFO - [77/100] Fetching 2025 data for Unknown (ID: 148)...
2026-02-18 00:57:52,192 - data_fetch - WARNING - No 2025 data returned for station 148
2026-02-18 00:57:52,192 - data_fetch - INFO - [78/100] Fetching 2025 data for Unknown (ID: 150)...
2026-02-18 00:57:53,512 - data_fetch - WARNING - No 2025 data returned for station 150
2026-02-18 00:57:53,513 - data_fetch - INFO - [79/100] Fetching 2025 data for Unknown (ID: 151)...
2026-02-18 00:57:54,419 - data_fetch - WARNING - No 2025 data returned for station 151
2026-02-18 00:57:54,421 - data_fetch - INFO - [80/100] Fetching 2025 data for Unknown (ID: 152)...
2026-02-18 00:57:55,699 - data_fetch - WARNING - No 2025 data returned for station 152
2026-02-18 00:57:55,705 - data_fetch - INFO - [81/100] Fetching 2025 data for Unknown (ID: 153)...
2026-02-18 00:57:56,616 - data_fetch - WARNING - No 2025 data returned for station 153
2026-02-18 00:57:56,616 - data_fetch - INFO - [82/100] Fetching 2025 data for Unknown (ID: 154)...
2026-02-18 00:57:57,491 - data_fetch - WARNING - No 2025 data returned for station 154
2026-02-18 00:57:57,492 - data_fetch - INFO - [83/100] Fetching 2025 data for Unknown (ID: 155)...
2026-02-18 00:57:58,775 - data_fetch - WARNING - No 2025 data returned for station 155
2026-02-18 00:57:58,775 - data_fetch - INFO - [84/100] Fetching 2025 data for Unknown (ID: 157)...
2026-02-18 00:57:59,731 - data_fetch - WARNING - No 2025 data returned for station 157
2026-02-18 00:57:59,733 - data_fetch - INFO - [85/100] Fetching 2025 data for Unknown (ID: 158)...
2026-02-18 00:58:00,947 - data_fetch - WARNING - No 2025 data returned for station 158
2026-02-18 00:58:00,949 - data_fetch - INFO - [86/100] Fetching 2025 data for Unknown (ID: 159)...
2026-02-18 00:58:02,132 - data_fetch - WARNING - No 2025 data returned for station 159
2026-02-18 00:58:02,132 - data_fetch - INFO - [87/100] Fetching 2025 data for Unknown (ID: 160)...
2026-02-18 00:58:03,021 - data_fetch - WARNING - No 2025 data returned for station 160
2026-02-18 00:58:03,023 - data_fetch - INFO - [88/100] Fetching 2025 data for Unknown (ID: 162)...
2026-02-18 00:58:03,959 - data_fetch - WARNING - No 2025 data returned for station 162
2026-02-18 00:58:03,961 - data_fetch - INFO - [89/100] Fetching 2025 data for Unknown (ID: 164)...
2026-02-18 00:58:05,855 - data_fetch - WARNING - No 2025 data returned for station 164
2026-02-18 00:58:05,856 - data_fetch - INFO - [90/100] Fetching 2025 data for Unknown (ID: 173)...
2026-02-18 00:58:07,530 - data_fetch - WARNING - No 2025 data returned for station 173
2026-02-18 00:58:07,532 - data_fetch - INFO - [91/100] Fetching 2025 data for Unknown (ID: 186)...
2026-02-18 00:58:09,194 - data_fetch - WARNING - No 2025 data returned for station 186
2026-02-18 00:58:09,195 - data_fetch - INFO - [92/100] Fetching 2025 data for Unknown (ID: 187)...
2026-02-18 00:58:10,436 - data_fetch - WARNING - No 2025 data returned for station 187
2026-02-18 00:58:10,436 - data_fetch - INFO - [93/100] Fetching 2025 data for Unknown (ID: 191)...
2026-02-18 00:58:12,459 - data_fetch - WARNING - No 2025 data returned for station 191
2026-02-18 00:58:12,459 - data_fetch - INFO - [94/100] Fetching 2025 data for Unknown (ID: 195)...
2026-02-18 00:58:14,144 - data_fetch - WARNING - No 2025 data returned for station 195
2026-02-18 00:58:14,144 - data_fetch - INFO - [95/100] Fetching 2025 data for Unknown (ID: 207)...
2026-02-18 00:58:15,358 - data_fetch - WARNING - No 2025 data returned for station 207
2026-02-18 00:58:15,358 - data_fetch - INFO - [96/100] Fetching 2025 data for Unknown (ID: 209)...
2026-02-18 00:58:16,970 - data_fetch - WARNING - No 2025 data returned for station 209
2026-02-18 00:58:16,970 - data_fetch - INFO - [97/100] Fetching 2025 data for Unknown (ID: 210)...
2026-02-18 00:58:18,245 - data_fetch - WARNING - No 2025 data returned for station 210
2026-02-18 00:58:18,246 - data_fetch - INFO - [98/100] Fetching 2025 data for Unknown (ID: 211)...
2026-02-18 00:58:19,903 - data_fetch - WARNING - No 2025 data returned for station 211
2026-02-18 00:58:19,903 - data_fetch - INFO - [99/100] Fetching 2025 data for Unknown (ID: 212)...
2026-02-18 00:58:21,153 - data_fetch - WARNING - No 2025 data returned for station 212
2026-02-18 00:58:21,153 - data_fetch - INFO - [100/100] Fetching 2025 data for Unknown (ID: 213)...
2026-02-18 00:58:23,862 - data_fetch - WARNING - No 2025 data returned for station 213
2026-02-18 00:58:23,863 - main - INFO - --- Step 2: Big Data Processing ---
2026-02-18 00:58:23,864 - bigdata_pipeline - INFO - Starting Big Data Pipeline...
2026-02-18 00:58:23,867 - bigdata_pipeline - ERROR - No raw data found. Run data_fetch.py first.
2026-02-18 00:58:23,868 - main - INFO - --- Execution Complete ---
2026-02-18 01:08:13,260 - main - INFO - Initializing Urban Environmental Intelligence System...
2026-02-18 01:08:13,260 - main - INFO - --- Step 1: Data Acquisition ---
2026-02-18 01:08:13,261 - main - INFO - Fetching data from OpenAQ API...
2026-02-18 01:08:13,261 - data_fetch - INFO - Searching for v3 stations with PM2.5...
2026-02-18 01:08:13,261 - data_fetch - INFO - Requesting https://api.openaq.org/v3/locations with params {'limit': 1000, 'order_by': 'id', 'sort_order': 'asc', 'has_sensors': 'true'}
2026-02-18 01:08:15,982 - data_fetch - INFO - API returned 1000 locations.
2026-02-18 01:08:15,983 - data_fetch - INFO - Found 100 valid stations.
2026-02-18 01:08:15,984 - data_fetch - INFO - [1/100] Fetching 2025 data for Unknown (ID: 3, 2 sensors)...
2026-02-18 01:08:16,927 - data_fetch - WARNING - Fetch 3 sensor {'id': 6, 'name': 'pm10 µg/m³', 'parameter': {'id': 1, 'name': 'pm10', 'units': 'µg/m³', 'displayName': 'PM10'}} failed with status 404: {"detail":"Not Found"}
2026-02-18 01:08:18,215 - data_fetch - WARNING - Fetch 3 sensor {'id': 5, 'name': 'pm25 µg/m³', 'parameter': {'id': 2, 'name': 'pm25', 'units': 'µg/m³', 'displayName': 'PM2.5'}} failed with status 404: {"detail":"Not Found"}
2026-02-18 01:08:18,217 - data_fetch - WARNING - No 2025 data returned for station 3
2026-02-18 01:08:18,217 - data_fetch - INFO - [2/100] Fetching 2025 data for Unknown (ID: 4, 2 sensors)...
2026-02-18 01:08:19,526 - data_fetch - WARNING - Fetch 4 sensor {'id': 7, 'name': 'pm10 µg/m³', 'parameter': {'id': 1, 'name': 'pm10', 'units': 'µg/m³', 'displayName': 'PM10'}} failed with status 404: {"detail":"Not Found"}
2026-02-18 01:08:20,422 - data_fetch - WARNING - Fetch 4 sensor {'id': 8, 'name': 'pm25 µg/m³', 'parameter': {'id': 2, 'name': 'pm25', 'units': 'µg/m³', 'displayName': 'PM2.5'}} failed with status 404: {"detail":"Not Found"}
2026-02-18 01:08:20,425 - data_fetch - WARNING - No 2025 data returned for station 4
2026-02-18 01:08:20,425 - data_fetch - INFO - [3/100] Fetching 2025 data for Unknown (ID: 5, 2 sensors)...
2026-02-18 01:08:21,724 - data_fetch - WARNING - Fetch 5 sensor {'id': 10, 'name': 'pm10 µg/m³', 'parameter': {'id': 1, 'name': 'pm10', 'units': 'µg/m³', 'displayName': 'PM10'}} failed with status 404: {"detail":"Not Found"}
2026-02-18 01:08:22,646 - data_fetch - WARNING - Fetch 5 sensor {'id': 9, 'name': 'pm25 µg/m³', 'parameter': {'id': 2, 'name': 'pm25', 'units': 'µg/m³', 'displayName': 'PM2.5'}} failed with status 404: {"detail":"Not Found"}
2026-02-18 01:08:22,655 - data_fetch - WARNING - No 2025 data returned for station 5
2026-02-18 01:08:22,655 - data_fetch - INFO - [4/100] Fetching 2025 data for Unknown (ID: 6, 2 sensors)...
2026-02-18 01:08:23,821 - data_fetch - WARNING - Fetch 6 sensor {'id': 11, 'name': 'pm10 µg/m³', 'parameter': {'id': 1, 'name': 'pm10', 'units': 'µg/m³', 'displayName': 'PM10'}} failed with status 404: {"detail":"Not Found"}
2026-02-18 01:08:24,734 - data_fetch - WARNING - Fetch 6 sensor {'id': 12, 'name': 'pm25 µg/m³', 'parameter': {'id': 2, 'name': 'pm25', 'units': 'µg/m³', 'displayName': 'PM2.5'}} failed with status 404: {"detail":"Not Found"}
2026-02-18 01:08:24,738 - data_fetch - WARNING - No 2025 data returned for station 6
2026-02-18 01:08:24,738 - data_fetch - INFO - [5/100] Fetching 2025 data for Unknown (ID: 7, 2 sensors)...
2026-02-18 01:08:25,905 - data_fetch - WARNING - Fetch 7 sensor {'id': 14, 'name': 'pm10 µg/m³', 'parameter': {'id': 1, 'name': 'pm10', 'units': 'µg/m³', 'displayName': 'PM10'}} failed with status 404: {"detail":"Not Found"}
2026-02-18 01:08:27,118 - data_fetch - WARNING - Fetch 7 sensor {'id': 13, 'name': 'pm25 µg/m³', 'parameter': {'id': 2, 'name': 'pm25', 'units': 'µg/m³', 'displayName': 'PM2.5'}} failed with status 404: {"detail":"Not Found"}
2026-02-18 01:08:27,122 - data_fetch - WARNING - No 2025 data returned for station 7
2026-02-18 01:08:27,123 - data_fetch - INFO - [6/100] Fetching 2025 data for Unknown (ID: 8, 2 sensors)...
2026-02-18 01:08:29,070 - data_fetch - WARNING - Fetch 8 sensor {'id': 16, 'name': 'pm10 µg/m³', 'parameter': {'id': 1, 'name': 'pm10', 'units': 'µg/m³', 'displayName': 'PM10'}} failed with status 404: {"detail":"Not Found"}
2026-02-18 01:08:29,995 - data_fetch - WARNING - Fetch 8 sensor {'id': 15, 'name': 'pm25 µg/m³', 'parameter': {'id': 2, 'name': 'pm25', 'units': 'µg/m³', 'displayName': 'PM2.5'}} failed with status 404: {"detail":"Not Found"}
2026-02-18 01:08:30,001 - data_fetch - WARNING - No 2025 data returned for station 8
2026-02-18 01:08:30,004 - data_fetch - INFO - [7/100] Fetching 2025 data for Unknown (ID: 9, 2 sensors)...
2026-02-18 01:08:31,360 - data_fetch - WARNING - Fetch 9 sensor {'id': 17, 'name': 'pm10 µg/m³', 'parameter': {'id': 1, 'name': 'pm10', 'units': 'µg/m³', 'displayName': 'PM10'}} failed with status 404: {"detail":"Not Found"}
2026-02-18 01:08:32,425 - data_fetch - WARNING - Fetch 9 sensor {'id': 18, 'name': 'pm25 µg/m³', 'parameter': {'id': 2, 'name': 'pm25', 'units': 'µg/m³', 'displayName': 'PM2.5'}} failed with status 404: {"detail":"Not Found"}
2026-02-18 01:08:32,431 - data_fetch - WARNING - No 2025 data returned for station 9
2026-02-18 01:08:32,431 - data_fetch - INFO - [8/100] Fetching 2025 data for Unknown (ID: 10, 2 sensors)...
2026-02-18 01:08:33,434 - data_fetch - WARNING - Fetch 10 sensor {'id': 20, 'name': 'pm10 µg/m³', 'parameter': {'id': 1, 'name': 'pm10', 'units': 'µg/m³', 'displayName': 'PM10'}} failed with status 404: {"detail":"Not Found"}
2026-02-18 01:08:34,366 - data_fetch - WARNING - Fetch 10 sensor {'id': 19, 'name': 'pm25 µg/m³', 'parameter': {'id': 2, 'name': 'pm25', 'units': 'µg/m³', 'displayName': 'PM2.5'}} failed with status 404: {"detail":"Not Found"}
2026-02-18 01:08:34,368 - data_fetch - WARNING - No 2025 data returned for station 10
2026-02-18 01:08:34,368 - data_fetch - INFO - [9/100] Fetching 2025 data for Unknown (ID: 11, 2 sensors)...
2026-02-18 01:08:35,988 - data_fetch - WARNING - Fetch 11 sensor {'id': 22, 'name': 'pm10 µg/m³', 'parameter': {'id': 1, 'name': 'pm10', 'units': 'µg/m³', 'displayName': 'PM10'}} failed with status 404: {"detail":"Not Found"}
2026-02-18 01:08:37,337 - data_fetch - WARNING - Fetch 11 sensor {'id': 21, 'name': 'pm25 µg/m³', 'parameter': {'id': 2, 'name': 'pm25', 'units': 'µg/m³', 'displayName': 'PM2.5'}} failed with status 404: {"detail":"Not Found"}
2026-02-18 01:08:37,340 - data_fetch - WARNING - No 2025 data returned for station 11
2026-02-18 01:08:37,341 - data_fetch - INFO - [10/100] Fetching 2025 data for Unknown (ID: 12, 1 sensors)...
2026-02-18 01:08:38,822 - data_fetch - WARNING - Fetch 12 sensor {'id': 23, 'name': 'pm25 µg/m³', 'parameter': {'id': 2, 'name': 'pm25', 'units': 'µg/m³', 'displayName': 'PM2.5'}} failed with status 404: {"detail":"Not Found"}
2026-02-18 01:08:38,826 - data_fetch - WARNING - No 2025 data returned for station 12
2026-02-18 01:08:38,829 - data_fetch - INFO - [11/100] Fetching 2025 data for Unknown (ID: 13, 3 sensors)...
2026-02-18 01:08:41,917 - data_fetch - WARNING - Fetch 13 sensor {'id': 13864, 'name': 'pm25 µg/m³', 'parameter': {'id': 2, 'name': 'pm25', 'units': 'µg/m³', 'displayName': 'PM2.5'}} failed with status 404: {"detail":"Not Found"}
2026-02-18 01:08:41,919 - data_fetch - WARNING - No 2025 data returned for station 13
2026-02-18 01:08:41,919 - data_fetch - INFO - [12/100] Fetching 2025 data for Unknown (ID: 14, 1 sensors)...
2026-02-18 01:08:43,642 - data_fetch - WARNING - Fetch 14 sensor {'id': 25, 'name': 'pm25 µg/m³', 'parameter': {'id': 2, 'name': 'pm25', 'units': 'µg/m³', 'displayName': 'PM2.5'}} failed with status 404: {"detail":"Not Found"}
2026-02-18 01:08:43,645 - data_fetch - WARNING - No 2025 data returned for station 14
2026-02-18 01:08:43,645 - data_fetch - INFO - [13/100] Fetching 2025 data for Unknown (ID: 15, 5 sensors)...
2026-02-18 01:08:44,593 - data_fetch - WARNING - Fetch 15 sensor {'id': 27, 'name': 'co µg/m³', 'parameter': {'id': 4, 'name': 'co', 'units': 'µg/m³', 'displayName': 'CO mass'}} failed with status 404: {"detail":"Not Found"}
2026-02-18 01:08:47,381 - data_fetch - WARNING - Fetch 15 sensor {'id': 26, 'name': 'pm10 µg/m³', 'parameter': {'id': 1, 'name': 'pm10', 'units': 'µg/m³', 'displayName': 'PM10'}} failed with status 404: {"detail":"Not Found"}
2026-02-18 01:08:48,356 - data_fetch - WARNING - Fetch 15 sensor {'id': 30, 'name': 'pm25 µg/m³', 'parameter': {'id': 2, 'name': 'pm25', 'units': 'µg/m³', 'displayName': 'PM2.5'}} failed with status 404: {"detail":"Not Found"}
2026-02-18 01:08:48,360 - data_fetch - WARNING - No 2025 data returned for station 15
2026-02-18 01:08:48,361 - data_fetch - INFO - [14/100] Fetching 2025 data for Unknown (ID: 16, 4 sensors)...
2026-02-18 01:08:49,417 - data_fetch - WARNING - Fetch 16 sensor {'id': 33, 'name': 'co µg/m³', 'parameter': {'id': 4, 'name': 'co', 'units': 'µg/m³', 'displayName': 'CO mass'}} failed with status 404: {"detail":"Not Found"}
2026-02-18 01:08:51,512 - data_fetch - WARNING - Fetch 16 sensor {'id': 31, 'name': 'pm10 µg/m³', 'parameter': {'id': 1, 'name': 'pm10', 'units': 'µg/m³', 'displayName': 'PM10'}} failed with status 404: {"detail":"Not Found"}
2026-02-18 01:08:56,254 - data_fetch - WARNING - Fetch 16 sensor {'id': 34, 'name': 'pm25 µg/m³', 'parameter': {'id': 2, 'name': 'pm25', 'units': 'µg/m³', 'displayName': 'PM2.5'}} failed with status 404: {"detail":"Not Found"}
2026-02-18 01:08:56,260 - data_fetch - WARNING - No 2025 data returned for station 16
2026-02-18 01:08:56,260 - data_fetch - INFO - [15/100] Fetching 2025 data for Unknown (ID: 17, 18 sensors)...
2026-02-18 01:08:57,167 - data_fetch - WARNING - Fetch 17 sensor {'id': 392, 'name': 'co µg/m³', 'parameter': {'id': 4, 'name': 'co', 'units': 'µg/m³', 'displayName': 'CO mass'}} failed with status 404: {"detail":"Not Found"}
2026-02-18 01:08:58,140 - data_fetch - WARNING - Fetch 17 sensor {'id': 12234782, 'name': 'co ppb', 'parameter': {'id': 102, 'name': 'co', 'units': 'ppb', 'displayName': 'CO'}} failed with status 422: "[{'type': 'int_parsing', 'loc': ('path', 'sensors_id'), 'msg': 'Input should be a valid integer, unable to parse string as an integer', 'input': \"{'id': 12234782, 'name': 'co ppb', 'parameter': {'id
2026-02-18 01:08:59,496 - data_fetch - WARNING - Fetch 17 sensor {'id': 12234783, 'name': 'no ppb', 'parameter': {'id': 24, 'name': 'no', 'units': 'ppb', 'displayName': 'NO'}} failed with status 422: "[{'type': 'int_parsing', 'loc': ('path', 'sensors_id'), 'msg': 'Input should be a valid integer, unable to parse string as an integer', 'input': \"{'id': 12234783, 'name': 'no ppb', 'parameter': {'id
2026-02-18 01:09:03,349 - data_fetch - WARNING - Fetch 17 sensor {'id': 14340713, 'name': 'nox ppb', 'parameter': {'id': 23, 'name': 'nox', 'units': 'ppb', 'displayName': 'NOX'}} failed with status 422: "[{'type': 'int_parsing', 'loc': ('path', 'sensors_id'), 'msg': 'Input should be a valid integer, unable to parse string as an integer', 'input': \"{'id': 14340713, 'name': 'nox ppb', 'parameter': {'i
2026-02-18 01:09:06,123 - data_fetch - WARNING - Fetch 17 sensor {'id': 399, 'name': 'pm10 µg/m³', 'parameter': {'id': 1, 'name': 'pm10', 'units': 'µg/m³', 'displayName': 'PM10'}} failed with status 404: {"detail":"Not Found"}
2026-02-18 01:09:07,425 - data_fetch - WARNING - Fetch 17 sensor {'id': 12234786, 'name': 'pm10 µg/m³', 'parameter': {'id': 1, 'name': 'pm10', 'units': 'µg/m³', 'displayName': 'PM10'}} failed with status 404: {"detail":"Not Found"}
2026-02-18 01:09:08,354 - data_fetch - WARNING - Fetch 17 sensor {'id': 35, 'name': 'pm25 µg/m³', 'parameter': {'id': 2, 'name': 'pm25', 'units': 'µg/m³', 'displayName': 'PM2.5'}} failed with status 404: {"detail":"Not Found"}
2026-02-18 01:09:09,265 - data_fetch - WARNING - Fetch 17 sensor {'id': 12234787, 'name': 'pm25 µg/m³', 'parameter': {'id': 2, 'name': 'pm25', 'units': 'µg/m³', 'displayName': 'PM2.5'}} failed with status 404: {"detail":"Not Found"}
2026-02-18 01:09:10,543 - data_fetch - WARNING - Fetch 17 sensor {'id': 12234788, 'name': 'relativehumidity %', 'parameter': {'id': 98, 'name': 'relativehumidity', 'units': '%', 'displayName': 'RH'}} failed with status 400: {"message":"Bad Request"}
2026-02-18 01:09:17,087 - data_fetch - WARNING - Fetch 17 sensor {'id': 12234790, 'name': 'temperature c', 'parameter': {'id': 100, 'name': 'temperature', 'units': 'c', 'displayName': 'Temperature (C)'}} failed with status 422: "[{'type': 'int_parsing', 'loc': ('path', 'sensors_id'), 'msg': 'Input should be a valid integer, unable to parse string as an integer', 'input': \"{'id': 12234790, 'name': 'temperature c', 'parameter
2026-02-18 01:09:18,760 - data_fetch - WARNING - Fetch 17 sensor {'id': 14340714, 'name': 'wind_direction deg', 'parameter': {'id': 22, 'name': 'wind_direction', 'units': 'deg', 'displayName': 'Wind direction'}} failed with status 422: "[{'type': 'int_parsing', 'loc': ('path', 'sensors_id'), 'msg': 'Input should be a valid integer, unable to parse string as an integer', 'input': \"{'id': 14340714, 'name': 'wind_direction deg', 'para
2026-02-18 01:09:20,019 - data_fetch - WARNING - Fetch 17 sensor {'id': 14340715, 'name': 'wind_speed m/s', 'parameter': {'id': 34, 'name': 'wind_speed', 'units': 'm/s', 'displayName': 'Wind speed'}} failed with status 404: {"detail":"Not Found"}
2026-02-18 01:09:20,023 - data_fetch - WARNING - No 2025 data returned for station 17
2026-02-18 01:09:20,024 - data_fetch - INFO - [16/100] Fetching 2025 data for Unknown (ID: 18, 1 sensors)...
2026-02-18 01:09:21,717 - data_fetch - WARNING - Fetch 18 sensor {'id': 37, 'name': 'pm25 µg/m³', 'parameter': {'id': 2, 'name': 'pm25', 'units': 'µg/m³', 'displayName': 'PM2.5'}} failed with status 404: {"detail":"Not Found"}
2026-02-18 01:09:21,726 - data_fetch - WARNING - No 2025 data returned for station 18
2026-02-18 01:09:21,726 - data_fetch - INFO - [17/100] Fetching 2025 data for Unknown (ID: 19, 6 sensors)...
2026-02-18 01:09:23,661 - data_fetch - WARNING - Fetch 19 sensor {'id': 5136, 'name': 'co µg/m³', 'parameter': {'id': 4, 'name': 'co', 'units': 'µg/m³', 'displayName': 'CO mass'}} failed with status 404: {"detail":"Not Found"}
2026-02-18 01:09:28,688 - data_fetch - WARNING - Fetch 19 sensor {'id': 5138, 'name': 'pm10 µg/m³', 'parameter': {'id': 1, 'name': 'pm10', 'units': 'µg/m³', 'displayName': 'PM10'}} failed with status 404: {"detail":"Not Found"}
2026-02-18 01:09:29,907 - data_fetch - WARNING - Fetch 19 sensor {'id': 5139, 'name': 'pm25 µg/m³', 'parameter': {'id': 2, 'name': 'pm25', 'units': 'µg/m³', 'displayName': 'PM2.5'}} failed with status 404: {"detail":"Not Found"}
2026-02-18 01:09:31,150 - data_fetch - WARNING - No 2025 data returned for station 19
2026-02-18 01:09:31,151 - data_fetch - INFO - [18/100] Fetching 2025 data for Unknown (ID: 21, 1 sensors)...
2026-02-18 01:09:33,904 - data_fetch - WARNING - Fetch 21 sensor {'id': 40, 'name': 'pm25 µg/m³', 'parameter': {'id': 2, 'name': 'pm25', 'units': 'µg/m³', 'displayName': 'PM2.5'}} failed with status 404: {"detail":"Not Found"}
2026-02-18 01:09:33,910 - data_fetch - WARNING - No 2025 data returned for station 21
2026-02-18 01:09:33,910 - data_fetch - INFO - [19/100] Fetching 2025 data for Unknown (ID: 22, 1 sensors)...
2026-02-18 01:09:35,607 - data_fetch - WARNING - Fetch 22 sensor {'id': 41, 'name': 'pm25 µg/m³', 'parameter': {'id': 2, 'name': 'pm25', 'units': 'µg/m³', 'displayName': 'PM2.5'}} failed with status 404: {"detail":"Not Found"}
2026-02-18 01:09:35,613 - data_fetch - WARNING - No 2025 data returned for station 22
2026-02-18 01:09:35,616 - data_fetch - INFO - [20/100] Fetching 2025 data for Unknown (ID: 23, 6 sensors)...
2026-02-18 01:09:37,292 - data_fetch - WARNING - Fetch 23 sensor {'id': 68, 'name': 'co µg/m³', 'parameter': {'id': 4, 'name': 'co', 'units': 'µg/m³', 'displayName': 'CO mass'}} failed with status 404: {"detail":"Not Found"}
2026-02-18 01:09:41,355 - data_fetch - WARNING - Fetch 23 sensor {'id': 5183, 'name': 'pm10 µg/m³', 'parameter': {'id': 1, 'name': 'pm10', 'units': 'µg/m³', 'displayName': 'PM10'}} failed with status 404: {"detail":"Not Found"}
2026-02-18 01:09:43,907 - data_fetch - WARNING - Fetch 23 sensor {'id': 42, 'name': 'pm25 µg/m³', 'parameter': {'id': 2, 'name': 'pm25', 'units': 'µg/m³', 'displayName': 'PM2.5'}} failed with status 404: {"detail":"Not Found"}
2026-02-18 01:09:45,168 - data_fetch - WARNING - No 2025 data returned for station 23
2026-02-18 01:09:45,169 - data_fetch - INFO - [21/100] Fetching 2025 data for Unknown (ID: 24, 1 sensors)...
2026-02-18 01:09:46,779 - data_fetch - WARNING - Fetch 24 sensor {'id': 43, 'name': 'pm25 µg/m³', 'parameter': {'id': 2, 'name': 'pm25', 'units': 'µg/m³', 'displayName': 'PM2.5'}} failed with status 404: {"detail":"Not Found"}
2026-02-18 01:09:46,782 - data_fetch - WARNING - No 2025 data returned for station 24
2026-02-18 01:09:46,782 - data_fetch - INFO - [22/100] Fetching 2025 data for Unknown (ID: 25, 6 sensors)...
2026-02-18 01:09:49,442 - data_fetch - WARNING - Fetch 25 sensor {'id': 1045, 'name': 'co µg/m³', 'parameter': {'id': 4, 'name': 'co', 'units': 'µg/m³', 'displayName': 'CO mass'}} failed with status 404: {"detail":"Not Found"}
2026-02-18 01:09:56,247 - data_fetch - WARNING - Fetch 25 sensor {'id': 1047, 'name': 'pm10 µg/m³', 'parameter': {'id': 1, 'name': 'pm10', 'units': 'µg/m³', 'displayName': 'PM10'}} failed with status 404: {"detail":"Not Found"}
2026-02-18 01:09:57,851 - data_fetch - WARNING - Fetch 25 sensor {'id': 1044, 'name': 'pm25 µg/m³', 'parameter': {'id': 2, 'name': 'pm25', 'units': 'µg/m³', 'displayName': 'PM2.5'}} failed with status 404: {"detail":"Not Found"}
2026-02-18 01:09:59,160 - data_fetch - WARNING - No 2025 data returned for station 25
2026-02-18 01:09:59,163 - data_fetch - INFO - [23/100] Fetching 2025 data for Unknown (ID: 26, 3 sensors)...
2026-02-18 01:10:01,703 - data_fetch - WARNING - Fetch 26 sensor {'id': 45, 'name': 'pm10 µg/m³', 'parameter': {'id': 1, 'name': 'pm10', 'units': 'µg/m³', 'displayName': 'PM10'}} failed with status 404: {"detail":"Not Found"}
2026-02-18 01:10:04,343 - data_fetch - WARNING - Fetch 26 sensor {'id': 35374, 'name': 'pm25 µg/m³', 'parameter': {'id': 2, 'name': 'pm25', 'units': 'µg/m³', 'displayName': 'PM2.5'}} failed with status 404: {"detail":"Not Found"}
2026-02-18 01:10:05,927 - data_fetch - WARNING - No 2025 data returned for station 26
2026-02-18 01:10:05,927 - data_fetch - INFO - [24/100] Fetching 2025 data for Unknown (ID: 27, 6 sensors)...
2026-02-18 01:10:07,655 - data_fetch - WARNING - Fetch 27 sensor {'id': 1410, 'name': 'co µg/m³', 'parameter': {'id': 4, 'name': 'co', 'units': 'µg/m³', 'displayName': 'CO mass'}} failed with status 404: {"detail":"Not Found"}
2026-02-18 01:10:12,113 - data_fetch - WARNING - Fetch 27 sensor {'id': 28735, 'name': 'pm10 µg/m³', 'parameter': {'id': 1, 'name': 'pm10', 'units': 'µg/m³', 'displayName': 'PM10'}} failed with status 404: {"detail":"Not Found"}
2026-02-18 01:10:13,809 - data_fetch - WARNING - Fetch 27 sensor {'id': 35661, 'name': 'pm25 µg/m³', 'parameter': {'id': 2, 'name': 'pm25', 'units': 'µg/m³', 'displayName': 'PM2.5'}} failed with status 404: {"detail":"Not Found"}
2026-02-18 01:10:15,493 - data_fetch - WARNING - No 2025 data returned for station 27
2026-02-18 01:10:15,493 - data_fetch - INFO - [25/100] Fetching 2025 data for Unknown (ID: 28, 5 sensors)...
2026-02-18 01:10:18,704 - data_fetch - WARNING - Fetch 28 sensor {'id': 5003, 'name': 'pm10 µg/m³', 'parameter': {'id': 1, 'name': 'pm10', 'units': 'µg/m³', 'displayName': 'PM10'}} failed with status 404: {"detail":"Not Found"}
2026-02-18 01:10:20,004 - data_fetch - WARNING - Fetch 28 sensor {'id': 47, 'name': 'pm25 µg/m³', 'parameter': {'id': 2, 'name': 'pm25', 'units': 'µg/m³', 'displayName': 'PM2.5'}} failed with status 404: {"detail":"Not Found"}
2026-02-18 01:10:21,062 - data_fetch - WARNING - No 2025 data returned for station 28
2026-02-18 01:10:21,062 - data_fetch - INFO - [26/100] Fetching 2025 data for Unknown (ID: 31, 5 sensors)...
2026-02-18 01:10:22,377 - data_fetch - WARNING - Fetch 31 sensor {'id': 4275693, 'name': 'no µg/m³', 'parameter': {'id': 19843, 'name': 'no', 'units': 'µg/m³', 'displayName': 'NO mass'}} failed with status 404: {"detail":"Not Found"}
2026-02-18 01:10:26,769 - data_fetch - WARNING - Fetch 31 sensor {'id': 4650, 'name': 'pm10 µg/m³', 'parameter': {'id': 1, 'name': 'pm10', 'units': 'µg/m³', 'displayName': 'PM10'}} failed with status 404: {"detail":"Not Found"}
2026-02-18 01:10:27,698 - data_fetch - WARNING - Fetch 31 sensor {'id': 50, 'name': 'pm25 µg/m³', 'parameter': {'id': 2, 'name': 'pm25', 'units': 'µg/m³', 'displayName': 'PM2.5'}} failed with status 404: {"detail":"Not Found"}
2026-02-18 01:10:27,700 - data_fetch - WARNING - No 2025 data returned for station 31
2026-02-18 01:10:27,701 - data_fetch - INFO - [27/100] Fetching 2025 data for Unknown (ID: 32, 1 sensors)...
2026-02-18 01:11:03,867 - main - INFO - Initializing Urban Environmental Intelligence System...
2026-02-18 01:11:03,867 - main - INFO - --- Step 1: Data Acquisition ---
2026-02-18 01:11:03,867 - main - INFO - Fetching data from OpenAQ API...
2026-02-18 01:11:03,867 - data_fetch - INFO - Searching for v3 stations with PM2.5...
2026-02-18 01:11:03,867 - data_fetch - INFO - Requesting https://api.openaq.org/v3/locations with params {'limit': 1000, 'order_by': 'id', 'sort_order': 'asc', 'has_sensors': 'true'}
2026-02-18 01:11:06,772 - data_fetch - INFO - API returned 1000 locations.
2026-02-18 01:11:21,591 - main - INFO - Initializing Urban Environmental Intelligence System...
2026-02-18 01:11:21,593 - main - INFO - --- Step 1: Data Acquisition ---
2026-02-18 01:11:21,593 - main - INFO - Fetching data from OpenAQ API...
2026-02-18 01:11:21,593 - data_fetch - INFO - Searching for v3 stations with PM2.5...
2026-02-18 01:11:21,593 - data_fetch - INFO - Requesting https://api.openaq.org/v3/locations with params {'limit': 1000, 'order_by': 'id', 'sort_order': 'asc', 'has_sensors': 'true'}
2026-02-18 01:11:25,135 - data_fetch - INFO - API returned 1000 locations.
2026-02-18 01:11:25,135 - data_fetch - INFO - Found 100 valid stations.
2026-02-18 01:11:25,141 - data_fetch - INFO - [1/100] Fetching 2025 data for NMA - Nima (ID: 3, 2 sensors)...
2026-02-18 01:11:27,861 - data_fetch - WARNING - No 2025 data returned for station 3
2026-02-18 01:11:27,862 - data_fetch - INFO - [2/100] Fetching 2025 data for NMT - Nima (ID: 4, 2 sensors)...
2026-02-18 01:11:30,397 - data_fetch - WARNING - No 2025 data returned for station 4
2026-02-18 01:11:30,397 - data_fetch - INFO - [3/100] Fetching 2025 data for JTA - Jamestown (ID: 5, 2 sensors)...
2026-02-18 01:11:32,310 - data_fetch - WARNING - No 2025 data returned for station 5
2026-02-18 01:11:32,310 - data_fetch - INFO - [4/100] Fetching 2025 data for ADT - Asylum Down (ID: 6, 2 sensors)...
2026-02-18 01:11:34,162 - data_fetch - WARNING - No 2025 data returned for station 6
2026-02-18 01:11:34,162 - data_fetch - INFO - [5/100] Fetching 2025 data for ADEPA - Asylum Down (ID: 7, 2 sensors)...
2026-02-18 01:11:36,779 - data_fetch - WARNING - No 2025 data returned for station 7
2026-02-18 01:11:36,779 - data_fetch - INFO - [6/100] Fetching 2025 data for ADA - Asylum Down (ID: 8, 2 sensors)...
2026-02-18 01:11:38,910 - data_fetch - WARNING - No 2025 data returned for station 8
2026-02-18 01:11:38,910 - data_fetch - INFO - [7/100] Fetching 2025 data for ELC - East Legon (ID: 9, 2 sensors)...
2026-02-18 01:11:40,719 - data_fetch - WARNING - No 2025 data returned for station 9
2026-02-18 01:11:40,720 - data_fetch - INFO - [8/100] Fetching 2025 data for ELT - East Legon (ID: 10, 2 sensors)...
2026-02-18 01:11:43,012 - data_fetch - WARNING - No 2025 data returned for station 10
2026-02-18 01:11:43,012 - data_fetch - INFO - [9/100] Fetching 2025 data for ELA - East Legon (ID: 11, 2 sensors)...
2026-02-18 01:11:45,221 - data_fetch - WARNING - No 2025 data returned for station 11
2026-02-18 01:11:45,221 - data_fetch - INFO - [10/100] Fetching 2025 data for SPARTAN - IIT Kanpur (ID: 12, 1 sensors)...
2026-02-18 01:11:46,517 - data_fetch - WARNING - No 2025 data returned for station 12
2026-02-18 01:11:46,517 - data_fetch - INFO - [11/100] Fetching 2025 data for Delhi Technological University, Delhi - CPCB (ID: 13, 3 sensors)...
2026-02-18 01:11:50,073 - data_fetch - WARNING - No 2025 data returned for station 13
2026-02-18 01:11:50,073 - data_fetch - INFO - [12/100] Fetching 2025 data for SPARTAN - CITEDEF (ID: 14, 1 sensors)...
2026-02-18 01:11:51,995 - data_fetch - WARNING - No 2025 data returned for station 14
2026-02-18 01:11:51,996 - data_fetch - INFO - [13/100] Fetching 2025 data for IGI Airport (ID: 15, 4 sensors)...
2026-02-18 01:11:56,166 - data_fetch - WARNING - No 2025 data returned for station 15
2026-02-18 01:11:56,168 - data_fetch - INFO - [14/100] Fetching 2025 data for Civil Lines (ID: 16, 3 sensors)...
2026-02-18 01:11:59,667 - data_fetch - WARNING - No 2025 data returned for station 16
2026-02-18 01:11:59,667 - data_fetch - INFO - [15/100] Fetching 2025 data for R K Puram, Delhi - DPCC (ID: 17, 9 sensors)...
2026-02-18 01:13:06,339 - main - INFO - Initializing Urban Environmental Intelligence System...
2026-02-18 01:13:06,339 - main - INFO - --- Step 1: Data Acquisition ---
2026-02-18 01:13:06,339 - main - INFO - Fetching data from OpenAQ API...
2026-02-18 01:13:06,339 - data_fetch - INFO - Searching for v3 stations with PM2.5...
2026-02-18 01:13:06,340 - data_fetch - INFO - Requesting https://api.openaq.org/v3/locations with params {'limit': 1000, 'order_by': 'id', 'sort_order': 'asc', 'has_sensors': 'true'}
2026-02-18 01:13:09,620 - data_fetch - INFO - API returned 1000 locations.
2026-02-18 01:13:09,620 - data_fetch - INFO - Found 100 valid stations.
2026-02-18 01:13:09,626 - data_fetch - INFO - [1/100] Fetching 2025 data for NMA - Nima (ID: 3, 2 sensors)...
2026-02-18 01:13:12,196 - data_fetch - WARNING - No 2025 data returned for station 3
2026-02-18 01:13:12,196 - data_fetch - INFO - [2/100] Fetching 2025 data for NMT - Nima (ID: 4, 2 sensors)...
2026-02-18 01:13:14,007 - data_fetch - WARNING - No 2025 data returned for station 4
2026-02-18 01:13:14,008 - data_fetch - INFO - [3/100] Fetching 2025 data for JTA - Jamestown (ID: 5, 2 sensors)...
2026-02-18 01:13:15,857 - data_fetch - WARNING - No 2025 data returned for station 5
2026-02-18 01:13:15,860 - data_fetch - INFO - [4/100] Fetching 2025 data for ADT - Asylum Down (ID: 6, 2 sensors)...
2026-02-18 01:13:17,677 - data_fetch - WARNING - No 2025 data returned for station 6
2026-02-18 01:13:17,677 - data_fetch - INFO - [5/100] Fetching 2025 data for ADEPA - Asylum Down (ID: 7, 2 sensors)...
2026-02-18 01:13:19,889 - data_fetch - WARNING - No 2025 data returned for station 7
2026-02-18 01:13:19,889 - data_fetch - INFO - [6/100] Fetching 2025 data for ADA - Asylum Down (ID: 8, 2 sensors)...
2026-02-18 01:13:23,014 - data_fetch - WARNING - No 2025 data returned for station 8
2026-02-18 01:13:23,014 - data_fetch - INFO - [7/100] Fetching 2025 data for ELC - East Legon (ID: 9, 2 sensors)...
2026-02-18 01:13:25,233 - data_fetch - WARNING - No 2025 data returned for station 9
2026-02-18 01:13:25,235 - data_fetch - INFO - [8/100] Fetching 2025 data for ELT - East Legon (ID: 10, 2 sensors)...
2026-02-18 01:13:28,022 - data_fetch - WARNING - No 2025 data returned for station 10
2026-02-18 01:13:28,023 - data_fetch - INFO - [9/100] Fetching 2025 data for ELA - East Legon (ID: 11, 2 sensors)...
2026-02-18 01:13:30,234 - data_fetch - WARNING - No 2025 data returned for station 11
2026-02-18 01:13:30,234 - data_fetch - INFO - [10/100] Fetching 2025 data for SPARTAN - IIT Kanpur (ID: 12, 1 sensors)...
2026-02-18 01:13:32,563 - data_fetch - WARNING - No 2025 data returned for station 12
2026-02-18 01:13:32,563 - data_fetch - INFO - [11/100] Fetching 2025 data for Delhi Technological University, Delhi - CPCB (ID: 13, 3 sensors)...
2026-02-18 01:13:36,071 - data_fetch - WARNING - No 2025 data returned for station 13
2026-02-18 01:13:36,071 - data_fetch - INFO - [12/100] Fetching 2025 data for SPARTAN - CITEDEF (ID: 14, 1 sensors)...
2026-02-18 01:13:36,993 - data_fetch - WARNING - No 2025 data returned for station 14
2026-02-18 01:13:36,993 - data_fetch - INFO - [13/100] Fetching 2025 data for IGI Airport (ID: 15, 4 sensors)...
2026-02-18 01:13:41,783 - data_fetch - WARNING - No 2025 data returned for station 15
2026-02-18 01:13:41,785 - data_fetch - INFO - [14/100] Fetching 2025 data for Civil Lines (ID: 16, 3 sensors)...
2026-02-18 01:13:42,066 - data_fetch - INFO - Saved 25000 records.
2026-02-18 01:13:42,066 - data_fetch - INFO - [16/100] Fetching 2025 data for SPARTAN - Vietnam Acad. Sci. (ID: 18, 1 sensors)...
2026-02-18 01:13:43,011 - data_fetch - WARNING - No 2025 data returned for station 18
2026-02-18 01:13:43,011 - data_fetch - INFO - [17/100] Fetching 2025 data for MNB (ID: 19, 4 sensors)...
2026-02-18 01:13:44,889 - data_fetch - WARNING - No 2025 data returned for station 16
2026-02-18 01:13:44,889 - data_fetch - INFO - [15/100] Fetching 2025 data for R K Puram, Delhi - DPCC (ID: 17, 9 sensors)...
2026-02-18 01:13:47,460 - data_fetch - WARNING - No 2025 data returned for station 19
2026-02-18 01:13:47,460 - data_fetch - INFO - [18/100] Fetching 2025 data for Beijing US Embassy (ID: 21, 1 sensors)...
2026-02-18 01:13:48,391 - data_fetch - WARNING - No 2025 data returned for station 21
2026-02-18 01:13:48,393 - data_fetch - INFO - [19/100] Fetching 2025 data for SPARTAN - Dhaka University (ID: 22, 1 sensors)...
2026-02-18 01:13:49,699 - data_fetch - WARNING - No 2025 data returned for station 22
2026-02-18 01:13:49,700 - data_fetch - INFO - [20/100] Fetching 2025 data for Amgalan (ID: 23, 4 sensors)...
2026-02-18 01:13:55,634 - data_fetch - WARNING - No 2025 data returned for station 23
2026-02-18 01:13:55,634 - data_fetch - INFO - [21/100] Fetching 2025 data for SPARTAN - NUS (ID: 24, 1 sensors)...
2026-02-18 01:13:56,542 - data_fetch - WARNING - No 2025 data returned for station 24
2026-02-18 01:13:56,542 - data_fetch - INFO - [22/100] Fetching 2025 data for Parque O'Higgins (ID: 25, 4 sensors)...
2026-02-18 01:13:59,413 - data_fetch - WARNING - Rate limit. Waiting 10s...
2026-02-18 01:13:59,966 - data_fetch - WARNING - Rate limit. Waiting 10s...
2026-02-18 01:14:52,350 - data_fetch - INFO - Saved 10000 records.
2026-02-18 01:14:52,350 - data_fetch - INFO - [23/100] Fetching 2025 data for Inpesca (ID: 26, 2 sensors)...
2026-02-18 01:15:37,236 - data_fetch - INFO - Saved 10000 records.
2026-02-18 01:15:37,236 - data_fetch - INFO - [24/100] Fetching 2025 data for Concón (ID: 27, 4 sensors)...
2026-02-18 01:15:41,053 - data_fetch - INFO - Saved 25000 records.
2026-02-18 01:15:41,054 - data_fetch - INFO - [16/100] Fetching 2025 data for SPARTAN - Vietnam Acad. Sci. (ID: 18, 1 sensors)...
2026-02-18 01:15:42,703 - data_fetch - WARNING - No 2025 data returned for station 18
2026-02-18 01:15:42,704 - data_fetch - INFO - [17/100] Fetching 2025 data for MNB (ID: 19, 4 sensors)...
2026-02-18 01:16:47,472 - main - INFO - Initializing Urban Environmental Intelligence System...
2026-02-18 01:16:47,474 - main - INFO - --- Step 1: Data Acquisition ---
2026-02-18 01:16:47,474 - main - INFO - Fetching data from OpenAQ API...
2026-02-18 01:16:47,474 - data_fetch - INFO - Searching for v3 stations with PM2.5...
2026-02-18 01:16:47,474 - data_fetch - INFO - Requesting https://api.openaq.org/v3/locations with params {'limit': 1000, 'order_by': 'id', 'sort_order': 'asc', 'has_sensors': 'true'}
2026-02-18 01:16:50,257 - data_fetch - INFO - API returned 1000 locations.
2026-02-18 01:16:50,258 - data_fetch - INFO - Found 100 valid stations.
2026-02-18 01:16:50,262 - data_fetch - INFO - [1/100] Fetching 2025 data for NMA - Nima (ID: 3, 2 sensors)...
2026-02-18 01:16:52,118 - data_fetch - WARNING - No 2025 data returned for station 3
2026-02-18 01:16:52,118 - data_fetch - INFO - [2/100] Fetching 2025 data for NMT - Nima (ID: 4, 2 sensors)...
2026-02-18 01:16:54,346 - data_fetch - WARNING - No 2025 data returned for station 4
2026-02-18 01:16:54,347 - data_fetch - INFO - [3/100] Fetching 2025 data for JTA - Jamestown (ID: 5, 2 sensors)...
2026-02-18 01:16:56,626 - data_fetch - WARNING - No 2025 data returned for station 5
2026-02-18 01:16:56,626 - data_fetch - INFO - [4/100] Fetching 2025 data for ADT - Asylum Down (ID: 6, 2 sensors)...
2026-02-18 01:16:59,329 - data_fetch - WARNING - No 2025 data returned for station 6
2026-02-18 01:16:59,329 - data_fetch - INFO - [5/100] Fetching 2025 data for ADEPA - Asylum Down (ID: 7, 2 sensors)...
2026-02-18 01:17:02,232 - data_fetch - WARNING - No 2025 data returned for station 7
2026-02-18 01:17:02,233 - data_fetch - INFO - [6/100] Fetching 2025 data for ADA - Asylum Down (ID: 8, 2 sensors)...
2026-02-18 01:17:04,167 - data_fetch - WARNING - No 2025 data returned for station 8
2026-02-18 01:17:04,167 - data_fetch - INFO - [7/100] Fetching 2025 data for ELC - East Legon (ID: 9, 2 sensors)...
2026-02-18 01:17:06,024 - data_fetch - WARNING - No 2025 data returned for station 9
2026-02-18 01:17:06,024 - data_fetch - INFO - [8/100] Fetching 2025 data for ELT - East Legon (ID: 10, 2 sensors)...
2026-02-18 01:17:09,560 - data_fetch - WARNING - No 2025 data returned for station 10
2026-02-18 01:17:09,560 - data_fetch - INFO - [9/100] Fetching 2025 data for ELA - East Legon (ID: 11, 2 sensors)...
2026-02-18 01:17:11,816 - data_fetch - WARNING - No 2025 data returned for station 11
2026-02-18 01:17:11,816 - data_fetch - INFO - [10/100] Fetching 2025 data for SPARTAN - IIT Kanpur (ID: 12, 1 sensors)...
2026-02-18 01:17:13,110 - data_fetch - WARNING - No 2025 data returned for station 12
2026-02-18 01:17:13,110 - data_fetch - INFO - [11/100] Fetching 2025 data for Delhi Technological University, Delhi - CPCB (ID: 13, 3 sensors)...
2026-02-18 01:17:15,896 - data_fetch - WARNING - No 2025 data returned for station 13
2026-02-18 01:17:15,896 - data_fetch - INFO - [12/100] Fetching 2025 data for SPARTAN - CITEDEF (ID: 14, 1 sensors)...
2026-02-18 01:17:16,803 - data_fetch - WARNING - No 2025 data returned for station 14
2026-02-18 01:17:16,803 - data_fetch - INFO - [13/100] Fetching 2025 data for IGI Airport (ID: 15, 4 sensors)...
2026-02-18 01:17:21,599 - data_fetch - WARNING - No 2025 data returned for station 15
2026-02-18 01:17:21,600 - data_fetch - INFO - [14/100] Fetching 2025 data for Civil Lines (ID: 16, 3 sensors)...
2026-02-18 01:17:24,361 - data_fetch - WARNING - No 2025 data returned for station 16
2026-02-18 01:17:24,362 - data_fetch - INFO - [15/100] Fetching 2025 data for R K Puram, Delhi - DPCC (ID: 17, 9 sensors)...
2026-02-18 01:17:44,181 - main - INFO - Initializing Urban Environmental Intelligence System...
2026-02-18 01:17:44,181 - main - INFO - --- Step 1: Data Acquisition ---
2026-02-18 01:17:44,182 - main - INFO - --- Step 2: Big Data Processing ---
2026-02-18 01:17:44,182 - bigdata_pipeline - INFO - Starting Big Data Pipeline...
2026-02-18 01:17:44,183 - bigdata_pipeline - INFO - Found 3 raw files. Processing with Dask...
2026-02-18 01:17:44,296 - bigdata_pipeline - INFO - Computing and saving processed data...
2026-02-18 01:18:26,734 - main - INFO - Initializing Urban Environmental Intelligence System...
2026-02-18 01:18:26,734 - main - INFO - --- Step 1: Data Acquisition ---
2026-02-18 01:18:26,734 - main - INFO - --- Step 2: Big Data Processing ---
2026-02-18 01:18:26,734 - bigdata_pipeline - INFO - Starting Big Data Pipeline...
2026-02-18 01:18:26,734 - bigdata_pipeline - INFO - Found 3 raw files. Processing with Dask...
2026-02-18 01:18:26,753 - bigdata_pipeline - INFO - Computing and saving processed data...
2026-02-18 01:19:04,628 - main - INFO - Initializing Urban Environmental Intelligence System...
2026-02-18 01:19:04,629 - main - INFO - --- Step 1: Data Acquisition ---
2026-02-18 01:19:04,630 - main - INFO - Fetching a small batch of data from OpenAQ API for verification...
2026-02-18 01:19:04,630 - data_fetch - INFO - Searching for v3 stations with PM2.5...
2026-02-18 01:19:04,630 - data_fetch - INFO - Requesting https://api.openaq.org/v3/locations with params {'limit': 1000, 'order_by': 'id', 'sort_order': 'asc', 'has_sensors': 'true'}
2026-02-18 01:19:08,604 - data_fetch - INFO - API returned 1000 locations.
2026-02-18 01:19:08,605 - data_fetch - INFO - Found 100 valid stations.
2026-02-18 01:19:08,609 - data_fetch - INFO - [1/100] Fetching 2025 data for NMA - Nima (ID: 3, 2 sensors)...
2026-02-18 01:19:11,571 - data_fetch - WARNING - No 2025 data returned for station 3
2026-02-18 01:19:11,571 - data_fetch - INFO - [2/100] Fetching 2025 data for NMT - Nima (ID: 4, 2 sensors)...
2026-02-18 01:19:15,144 - data_fetch - WARNING - No 2025 data returned for station 4
2026-02-18 01:19:15,145 - data_fetch - INFO - [3/100] Fetching 2025 data for JTA - Jamestown (ID: 5, 2 sensors)...
2026-02-18 01:19:17,603 - data_fetch - WARNING - No 2025 data returned for station 5
2026-02-18 01:19:17,610 - main - INFO - --- Step 2: Big Data Processing ---
2026-02-18 01:19:17,610 - bigdata_pipeline - INFO - Starting Big Data Pipeline...
2026-02-18 01:19:17,612 - bigdata_pipeline - INFO - Found 3 raw files. Processing with Dask...
2026-02-18 01:19:17,639 - bigdata_pipeline - INFO - Computing and saving processed data...
2026-02-18 01:21:13,543 - main - INFO - Initializing Urban Environmental Intelligence System...
2026-02-18 01:21:13,544 - main - INFO - --- Step 1: Data Acquisition ---
2026-02-18 01:21:13,544 - main - INFO - Fetching a small batch of data from OpenAQ API for verification...
2026-02-18 01:21:13,544 - data_fetch - INFO - Searching for v3 stations with PM2.5...
2026-02-18 01:21:13,545 - data_fetch - INFO - Requesting https://api.openaq.org/v3/locations with params {'limit': 1000, 'order_by': 'id', 'sort_order': 'asc', 'has_sensors': 'true'}
2026-02-18 01:21:16,741 - data_fetch - INFO - API returned 1000 locations.
2026-02-18 01:21:16,742 - data_fetch - INFO - Found 100 valid stations.
2026-02-18 01:21:16,755 - data_fetch - INFO - [1/100] Fetching 2025 data for NMA - Nima (ID: 3, 2 sensors)...
2026-02-18 01:21:19,025 - data_fetch - WARNING - No 2025 data returned for station 3
2026-02-18 01:21:19,025 - data_fetch - INFO - [2/100] Fetching 2025 data for NMT - Nima (ID: 4, 2 sensors)...
2026-02-18 01:21:21,050 - data_fetch - WARNING - No 2025 data returned for station 4
2026-02-18 01:21:21,050 - data_fetch - INFO - [3/100] Fetching 2025 data for JTA - Jamestown (ID: 5, 2 sensors)...
2026-02-18 01:21:23,921 - data_fetch - WARNING - No 2025 data returned for station 5
2026-02-18 01:21:23,922 - main - INFO - --- Step 2: Big Data Processing ---
2026-02-18 01:21:23,923 - bigdata_pipeline - INFO - Starting Big Data Pipeline...
2026-02-18 01:21:23,925 - bigdata_pipeline - INFO - Found 3 raw files. Processing with Dask...
2026-02-18 01:21:24,034 - bigdata_pipeline - INFO - Computing and saving processed data...
2026-02-18 01:23:55,560 - main - INFO - Initializing Urban Environmental Intelligence System...
2026-02-18 01:23:55,560 - main - INFO - --- Step 1: Data Acquisition ---
2026-02-18 01:23:55,560 - main - INFO - Fetching a small batch of data from OpenAQ API for verification...
2026-02-18 01:23:55,560 - data_fetch - INFO - Searching for v3 stations with PM2.5...
2026-02-18 01:23:55,561 - data_fetch - INFO - Requesting https://api.openaq.org/v3/locations with params {'limit': 1000, 'order_by': 'datetimeLast', 'sort_order': 'desc', 'has_sensors': 'true'}
2026-02-18 01:23:58,003 - data_fetch - ERROR - Error fetching stations: 422 Client Error: Unprocessable Entity for url: https://api.openaq.org/v3/locations?limit=1000&order_by=datetimeLast&sort_order=desc&has_sensors=true
2026-02-18 01:23:58,009 - data_fetch - ERROR - No stations found. Check your Internet/API Key.
2026-02-18 01:23:58,009 - main - INFO - --- Step 2: Big Data Processing ---
2026-02-18 01:23:58,009 - bigdata_pipeline - INFO - Starting Big Data Pipeline...
2026-02-18 01:23:58,010 - bigdata_pipeline - ERROR - No raw data found. Run data_fetch.py first.
2026-02-18 01:23:58,010 - main - INFO - --- Execution Complete ---
2026-02-18 01:24:38,075 - main - INFO - Initializing Urban Environmental Intelligence System...
2026-02-18 01:24:38,075 - main - INFO - --- Step 1: Data Acquisition ---
2026-02-18 01:24:38,075 - main - INFO - Fetching a small batch of data from OpenAQ API for verification...
2026-02-18 01:24:38,076 - data_fetch - INFO - Searching for v3 stations with PM2.5...
2026-02-18 01:24:38,076 - data_fetch - INFO - Requesting https://api.openaq.org/v3/locations with params {'limit': 1000, 'order_by': 'datetimeLast', 'sort_order': 'desc', 'has_sensors': 'true'}
2026-02-18 01:24:39,243 - data_fetch - ERROR - Error fetching stations: 422 Client Error: Unprocessable Entity for url: https://api.openaq.org/v3/locations?limit=1000&order_by=datetimeLast&sort_order=desc&has_sensors=true
2026-02-18 01:24:39,248 - data_fetch - ERROR - No stations found. Check your Internet/API Key.
2026-02-18 01:24:39,248 - main - INFO - --- Step 2: Big Data Processing ---
2026-02-18 01:24:39,248 - bigdata_pipeline - INFO - Starting Big Data Pipeline...
2026-02-18 01:24:39,253 - bigdata_pipeline - ERROR - No raw data found. Run data_fetch.py first.
2026-02-18 01:24:39,255 - main - INFO - --- Execution Complete ---
2026-02-18 01:26:27,450 - main - INFO - Initializing Urban Environmental Intelligence System...
2026-02-18 01:26:27,450 - main - INFO - --- Step 1: Data Acquisition ---
2026-02-18 01:26:27,450 - main - INFO - Fetching a small batch of data from OpenAQ API for verification...
2026-02-18 01:26:27,450 - data_fetch - INFO - Searching for v3 stations with PM2.5...
2026-02-18 01:26:27,450 - data_fetch - INFO - Requesting https://api.openaq.org/v3/locations with params {'limit': 1000, 'order_by': 'id', 'sort_order': 'desc', 'has_sensors': 'true'}
2026-02-18 01:26:31,534 - data_fetch - INFO - API returned 1000 locations.
2026-02-18 01:26:31,534 - data_fetch - INFO - Found 0 valid stations.
2026-02-18 01:26:31,534 - data_fetch - ERROR - No stations found. Check your Internet/API Key.
2026-02-18 01:26:31,534 - main - INFO - --- Step 2: Big Data Processing ---
2026-02-18 01:26:31,534 - bigdata_pipeline - INFO - Starting Big Data Pipeline...
2026-02-18 01:26:31,543 - bigdata_pipeline - ERROR - No raw data found. Run data_fetch.py first.
2026-02-18 01:26:31,543 - main - INFO - --- Execution Complete ---
2026-02-18 01:26:57,466 - main - INFO - Initializing Urban Environmental Intelligence System...
2026-02-18 01:26:57,466 - main - INFO - --- Step 1: Data Acquisition ---
2026-02-18 01:26:57,466 - main - INFO - Fetching a small batch of data from OpenAQ API for verification...
2026-02-18 01:26:57,466 - data_fetch - INFO - Searching for v3 stations with PM2.5...
2026-02-18 01:26:57,466 - data_fetch - INFO - Requesting https://api.openaq.org/v3/locations with params {'limit': 1000, 'order_by': 'id', 'sort_order': 'desc', 'has_sensors': 'true'}
2026-02-18 01:27:01,129 - data_fetch - INFO - API returned 1000 locations.
2026-02-18 01:27:01,133 - data_fetch - INFO - Found 0 valid stations.
2026-02-18 01:27:01,137 - data_fetch - ERROR - No stations found. Check your Internet/API Key.
2026-02-18 01:27:01,137 - main - INFO - --- Step 2: Big Data Processing ---
2026-02-18 01:27:01,137 - bigdata_pipeline - INFO - Starting Big Data Pipeline...
2026-02-18 01:27:01,138 - bigdata_pipeline - ERROR - No raw data found. Run data_fetch.py first.
2026-02-18 01:27:01,138 - main - INFO - --- Execution Complete ---
2026-02-18 01:27:13,570 - main - INFO - Initializing Urban Environmental Intelligence System...
2026-02-18 01:27:13,572 - main - INFO - --- Step 1: Data Acquisition ---
2026-02-18 01:27:13,572 - main - INFO - Fetching a small batch of data from OpenAQ API for verification...
2026-02-18 01:27:13,572 - data_fetch - INFO - Searching for v3 stations with PM2.5...
2026-02-18 01:27:13,572 - data_fetch - INFO - Requesting https://api.openaq.org/v3/locations with params {'limit': 1000, 'order_by': 'id', 'sort_order': 'desc', 'has_sensors': 'true'}
2026-02-18 01:27:17,025 - data_fetch - INFO - API returned 1000 locations.
2026-02-18 01:27:17,030 - data_fetch - INFO - Found 0 valid stations.
2026-02-18 01:27:17,034 - data_fetch - ERROR - No stations found. Check your Internet/API Key.
2026-02-18 01:27:17,034 - main - INFO - --- Step 2: Big Data Processing ---
2026-02-18 01:27:17,034 - bigdata_pipeline - INFO - Starting Big Data Pipeline...
2026-02-18 01:27:17,034 - bigdata_pipeline - ERROR - No raw data found. Run data_fetch.py first.
2026-02-18 01:27:17,034 - main - INFO - --- Execution Complete ---
2026-02-18 01:28:00,337 - main - INFO - Initializing Urban Environmental Intelligence System...
2026-02-18 01:28:00,339 - main - INFO - --- Step 1: Data Acquisition ---
2026-02-18 01:28:00,339 - main - INFO - Fetching a small batch of data from OpenAQ API for verification...
2026-02-18 01:28:00,339 - data_fetch - INFO - Searching for v3 stations with PM2.5...
2026-02-18 01:28:00,339 - data_fetch - INFO - Requesting https://api.openaq.org/v3/locations with params {'limit': 1000, 'order_by': 'id', 'sort_order': 'desc', 'has_sensors': 'true'}
2026-02-18 01:28:03,656 - data_fetch - INFO - API returned 1000 locations.
2026-02-18 01:28:03,657 - data_fetch - INFO - Found 100 valid stations.
2026-02-18 01:28:03,662 - data_fetch - INFO - [1/100] Fetching 2025 data for Grapefruit (ID: 6243575, 2 sensors)...
2026-02-18 01:28:06,239 - data_fetch - WARNING - No 2025 data returned for station 6243575
2026-02-18 01:28:06,242 - data_fetch - INFO - [2/100] Fetching 2025 data for SCRO 4 (ID: 6243573, 1 sensors)...
2026-02-18 01:28:07,518 - data_fetch - WARNING - No 2025 data returned for station 6243573
2026-02-18 01:28:07,518 - data_fetch - INFO - [3/100] Fetching 2025 data for 1358 Ridge Ave, Philadelphia, PA 19123  (ID: 6243463, 1 sensors)...
2026-02-18 01:28:08,836 - data_fetch - WARNING - No 2025 data returned for station 6243463
2026-02-18 01:28:08,836 - data_fetch - INFO - [4/100] Fetching 2025 data for V St NW (ID: 6243425, 2 sensors)...
2026-02-18 01:28:11,072 - data_fetch - WARNING - No 2025 data returned for station 6243425
2026-02-18 01:28:11,073 - data_fetch - INFO - [5/100] Fetching 2025 data for Castricumcentrum (ID: 6243163, 2 sensors)...
2026-02-18 01:28:15,081 - data_fetch - WARNING - No 2025 data returned for station 6243163
2026-02-18 01:28:15,081 - data_fetch - INFO - [6/100] Fetching 2025 data for Meerstraat (ID: 6242648, 2 sensors)...
2026-02-18 01:28:16,924 - data_fetch - WARNING - No 2025 data returned for station 6242648
2026-02-18 01:28:16,925 - data_fetch - INFO - [7/100] Fetching 2025 data for Happy Valley (ID: 6242610, 2 sensors)...
2026-02-18 01:28:19,164 - data_fetch - WARNING - No 2025 data returned for station 6242610
2026-02-18 01:28:19,164 - data_fetch - INFO - [8/100] Fetching 2025 data for The Miracle Thepharak (ID: 6242472, 2 sensors)...
2026-02-18 01:28:21,368 - data_fetch - WARNING - No 2025 data returned for station 6242472
2026-02-18 01:28:21,368 - data_fetch - INFO - [9/100] Fetching 2025 data for Vistors Deck (ID: 6242471, 2 sensors)...
2026-02-18 01:28:23,184 - data_fetch - WARNING - No 2025 data returned for station 6242471
2026-02-18 01:28:23,184 - data_fetch - INFO - [10/100] Fetching 2025 data for Alterschrofen (ID: 6242337, 2 sensors)...
2026-02-18 01:28:24,984 - data_fetch - WARNING - No 2025 data returned for station 6242337
2026-02-18 01:28:24,984 - data_fetch - INFO - [11/100] Fetching 2025 data for Primaria Ignacio Zaragoza (ID: 6242270, 2 sensors)...
2026-02-18 01:28:27,592 - data_fetch - WARNING - No 2025 data returned for station 6242270
2026-02-18 01:28:27,592 - data_fetch - INFO - [12/100] Fetching 2025 data for Oakdale St (ID: 6242233, 2 sensors)...
2026-02-18 01:28:30,176 - data_fetch - WARNING - No 2025 data returned for station 6242233
2026-02-18 01:28:31,976 - data_fetch - WARNING - No 2025 data returned for station 6242232
2026-02-18 01:28:31,977 - data_fetch - INFO - [14/100] Fetching 2025 data for Tamale Central High Street (ID: 6242088, 1 sensors)...
2026-02-18 01:28:32,876 - data_fetch - WARNING - No 2025 data returned for station 6242088
2026-02-18 01:28:32,876 - data_fetch - INFO - [15/100] Fetching 2025 data for Kumasi Adum (ID: 6242087, 1 sensors)...
2026-02-18 01:28:33,775 - data_fetch - WARNING - No 2025 data returned for station 6242087
2026-02-18 01:28:33,777 - data_fetch - INFO - [16/100] Fetching 2025 data for CCMA Office (ID: 6242086, 1 sensors)...
2026-02-18 01:28:35,072 - data_fetch - WARNING - No 2025 data returned for station 6242086
2026-02-18 01:28:35,072 - data_fetch - INFO - [17/100] Fetching 2025 data for Aburi Town Center (ID: 6242085, 1 sensors)...
2026-02-18 01:28:36,984 - data_fetch - WARNING - No 2025 data returned for station 6242085
2026-02-18 01:28:36,984 - data_fetch - INFO - [18/100] Fetching 2025 data for Kasoa Overhead Bridge (ID: 6242084, 1 sensors)...
2026-02-18 01:28:37,891 - data_fetch - WARNING - No 2025 data returned for station 6242084
2026-02-18 01:28:37,893 - data_fetch - INFO - [19/100] Fetching 2025 data for Cape Coast UCC_North Campus (ID: 6242083, 1 sensors)...
2026-02-18 01:28:38,822 - data_fetch - WARNING - No 2025 data returned for station 6242083
2026-02-18 01:28:38,822 - data_fetch - INFO - [20/100] Fetching 2025 data for Takoradi Market Circle (ID: 6242082, 1 sensors)...
2026-02-18 01:28:39,726 - data_fetch - WARNING - No 2025 data returned for station 6242082
2026-02-18 01:28:39,726 - data_fetch - INFO - [21/100] Fetching 2025 data for Wa Main Traffic (ID: 6242081, 1 sensors)...
2026-02-18 01:28:40,626 - data_fetch - WARNING - No 2025 data returned for station 6242081
2026-02-18 01:28:42,417 - data_fetch - WARNING - No 2025 data returned for station 6242079
2026-02-18 01:28:42,418 - data_fetch - INFO - [23/100] Fetching 2025 data for Fountain Valley, CA (ID: 6241839, 2 sensors)...
2026-02-18 01:28:44,221 - data_fetch - WARNING - No 2025 data returned for station 6241839
2026-02-18 01:28:44,221 - data_fetch - INFO - [24/100] Fetching 2025 data for 147/23 Maneerin Park Rangsit (ID: 6240774, 2 sensors)...
2026-02-18 01:28:48,175 - data_fetch - WARNING - No 2025 data returned for station 6240774
2026-02-18 01:28:51,019 - data_fetch - WARNING - No 2025 data returned for station 6240773
2026-02-18 01:28:51,020 - data_fetch - INFO - [26/100] Fetching 2025 data for AG01-02 (ID: 6240401, 2 sensors)...
2026-02-18 01:28:53,593 - data_fetch - WARNING - No 2025 data returned for station 6240401
2026-02-18 01:28:53,595 - data_fetch - INFO - [27/100] Fetching 2025 data for AG02-03 (ID: 6240362, 2 sensors)...
2026-02-18 01:28:55,405 - data_fetch - WARNING - No 2025 data returned for station 6240362
2026-02-18 01:28:55,405 - data_fetch - INFO - [28/100] Fetching 2025 data for Las Lunas (ID: 6240211, 2 sensors)...
2026-02-18 01:28:57,893 - data_fetch - WARNING - No 2025 data returned for station 6240211
2026-02-18 01:28:57,893 - data_fetch - INFO - [29/100] Fetching 2025 data for La Costa Valley (ID: 6240210, 2 sensors)...
2026-02-18 01:29:00,054 - data_fetch - WARNING - No 2025 data returned for station 6240210
2026-02-18 01:29:02,966 - data_fetch - WARNING - No 2025 data returned for station 6240023
2026-02-18 01:29:02,966 - data_fetch - INFO - [31/100] Fetching 2025 data for Sandy Hook Farms (ID: 6239910, 2 sensors)...
2026-02-18 01:29:05,184 - data_fetch - WARNING - No 2025 data returned for station 6239910
2026-02-18 01:29:05,185 - data_fetch - INFO - [32/100] Fetching 2025 data for Kong Øysteins veg  (ID: 6239796, 2 sensors)...
2026-02-18 01:29:07,016 - data_fetch - WARNING - No 2025 data returned for station 6239796
2026-02-18 01:29:07,016 - data_fetch - INFO - [33/100] Fetching 2025 data for Landsham (ID: 6239795, 2 sensors)...
2026-02-18 01:29:09,189 - data_fetch - WARNING - No 2025 data returned for station 6239795
2026-02-18 01:29:09,189 - data_fetch - INFO - [34/100] Fetching 2025 data for Norton Ma. (ID: 6239756, 2 sensors)...
2026-02-18 01:29:11,465 - data_fetch - WARNING - No 2025 data returned for station 6239756
2026-02-18 01:29:11,466 - data_fetch - INFO - [35/100] Fetching 2025 data for Domek (ID: 6239717, 2 sensors)...
2026-02-18 01:29:13,271 - data_fetch - WARNING - No 2025 data returned for station 6239717
2026-02-18 01:29:13,272 - data_fetch - INFO - [36/100] Fetching 2025 data for McAlpin, FL (ID: 6239064, 2 sensors)...
2026-02-18 01:29:15,080 - data_fetch - WARNING - No 2025 data returned for station 6239064
2026-02-18 01:29:15,080 - data_fetch - INFO - [37/100] Fetching 2025 data for Amsterdamsevaart (ID: 6239029, 2 sensors)...
2026-02-18 01:29:16,947 - data_fetch - WARNING - No 2025 data returned for station 6239029
2026-02-18 01:29:16,949 - data_fetch - INFO - [38/100] Fetching 2025 data for HFH CURES 19 (ID: 6238928, 2 sensors)...
2026-02-18 01:29:18,746 - data_fetch - WARNING - No 2025 data returned for station 6238928
2026-02-18 01:29:18,746 - data_fetch - INFO - [39/100] Fetching 2025 data for Vrå (ID: 6238790, 2 sensors)...
2026-02-18 01:29:19,303 - main - INFO - Initializing Urban Environmental Intelligence System...
2026-02-18 01:29:19,304 - main - INFO - --- Step 1: Data Acquisition ---
2026-02-18 01:29:19,304 - main - INFO - Fetching a small batch of data from OpenAQ API for verification...
2026-02-18 01:29:19,304 - data_fetch - INFO - Searching for v3 stations with PM2.5...
2026-02-18 01:29:19,304 - data_fetch - INFO - Requesting https://api.openaq.org/v3/locations with params {'limit': 1000, 'order_by': 'id', 'sort_order': 'desc', 'has_sensors': 'true'}
2026-02-18 01:29:20,616 - data_fetch - WARNING - No 2025 data returned for station 6238790
2026-02-18 01:29:20,617 - data_fetch - INFO - [40/100] Fetching 2025 data for Sdrvraa (ID: 6238789, 2 sensors)...
2026-02-18 01:29:21,560 - data_fetch - INFO - API returned 1000 locations.
2026-02-18 01:29:21,560 - data_fetch - INFO - Found 100 valid stations.
2026-02-18 01:29:21,566 - data_fetch - INFO - [1/100] Fetching 2025 data for Grapefruit (ID: 6243575, 2 sensors)...
2026-02-18 01:29:22,466 - data_fetch - WARNING - No 2025 data returned for station 6238789
2026-02-18 01:29:22,466 - data_fetch - INFO - [41/100] Fetching 2025 data for Jilawan Thai Local Treats (ID: 6238788, 2 sensors)...
2026-02-18 01:29:23,418 - data_fetch - WARNING - No 2025 data returned for station 6243575
2026-02-18 01:29:23,418 - data_fetch - INFO - [2/100] Fetching 2025 data for SCRO 4 (ID: 6243573, 1 sensors)...
2026-02-18 01:29:24,334 - data_fetch - WARNING - No 2025 data returned for station 6243573
2026-02-18 01:29:24,334 - data_fetch - INFO - [3/100] Fetching 2025 data for 1358 Ridge Ave, Philadelphia, PA 19123  (ID: 6243463, 1 sensors)...
2026-02-18 01:29:24,334 - data_fetch - WARNING - No 2025 data returned for station 6238788
2026-02-18 01:29:24,334 - data_fetch - INFO - [42/100] Fetching 2025 data for Lyon (ID: 6238787, 2 sensors)...
2026-02-18 01:29:25,251 - data_fetch - WARNING - No 2025 data returned for station 6243463
2026-02-18 01:29:25,251 - data_fetch - INFO - [4/100] Fetching 2025 data for V St NW (ID: 6243425, 2 sensors)...
2026-02-18 01:29:26,207 - data_fetch - WARNING - No 2025 data returned for station 6238787
2026-02-18 01:29:26,208 - data_fetch - INFO - [43/100] Fetching 2025 data for Calle 33, San Pedro Sula, Cortes - Sustenta Honduras/CIPOTES (ID: 6238786, 2 sensors)...
2026-02-18 01:29:28,116 - data_fetch - WARNING - No 2025 data returned for station 6238786
2026-02-18 01:29:28,120 - data_fetch - INFO - [44/100] Fetching 2025 data for Mooswiesengasse, 1140 Vienna (ID: 6238650, 2 sensors)...
2026-02-18 01:29:28,131 - data_fetch - WARNING - No 2025 data returned for station 6243425
2026-02-18 01:29:28,131 - data_fetch - INFO - [5/100] Fetching 2025 data for Castricumcentrum (ID: 6243163, 2 sensors)...
2026-02-18 01:29:29,975 - data_fetch - WARNING - No 2025 data returned for station 6243163
2026-02-18 01:29:29,975 - data_fetch - INFO - [6/100] Fetching 2025 data for Meerstraat (ID: 6242648, 2 sensors)...
2026-02-18 01:29:30,021 - data_fetch - WARNING - No 2025 data returned for station 6238650
2026-02-18 01:29:30,022 - data_fetch - INFO - [45/100] Fetching 2025 data for Edemissen (ID: 6238403, 2 sensors)...
2026-02-18 01:29:32,070 - data_fetch - WARNING - No 2025 data returned for station 6242648
2026-02-18 01:29:32,070 - data_fetch - INFO - [7/100] Fetching 2025 data for Happy Valley (ID: 6242610, 2 sensors)...
2026-02-18 01:29:32,880 - data_fetch - WARNING - No 2025 data returned for station 6238403
2026-02-18 01:29:32,880 - data_fetch - INFO - [46/100] Fetching 2025 data for Wilhelmsdorf Centre (ID: 6237988, 2 sensors)...
2026-02-18 01:29:33,925 - data_fetch - WARNING - No 2025 data returned for station 6242610
2026-02-18 01:29:33,926 - data_fetch - INFO - [8/100] Fetching 2025 data for The Miracle Thepharak (ID: 6242472, 2 sensors)...
2026-02-18 01:29:34,761 - data_fetch - WARNING - No 2025 data returned for station 6237988
2026-02-18 01:29:34,761 - data_fetch - INFO - [47/100] Fetching 2025 data for Springfield  (ID: 6237782, 1 sensors)...
2026-02-18 01:29:35,716 - data_fetch - WARNING - No 2025 data returned for station 6237782
2026-02-18 01:29:35,717 - data_fetch - INFO - [48/100] Fetching 2025 data for Providence Academy  (ID: 6237507, 2 sensors)...
2026-02-18 01:29:35,776 - data_fetch - WARNING - No 2025 data returned for station 6242472
2026-02-18 01:29:35,776 - data_fetch - INFO - [9/100] Fetching 2025 data for Vistors Deck (ID: 6242471, 2 sensors)...
2026-02-18 01:29:38,031 - data_fetch - WARNING - No 2025 data returned for station 6242471
2026-02-18 01:29:38,032 - data_fetch - INFO - [10/100] Fetching 2025 data for Alterschrofen (ID: 6242337, 2 sensors)...
2026-02-18 01:29:38,966 - data_fetch - WARNING - No 2025 data returned for station 6237507
2026-02-18 01:29:38,966 - data_fetch - INFO - [49/100] Fetching 2025 data for Zhas Qanat aud. (Khmelnitskiy k-si.) (ID: 6237431, 2 sensors)...
2026-02-18 01:29:39,914 - data_fetch - WARNING - No 2025 data returned for station 6242337
2026-02-18 01:29:39,916 - data_fetch - INFO - [11/100] Fetching 2025 data for Primaria Ignacio Zaragoza (ID: 6242270, 2 sensors)...
2026-02-18 01:29:41,248 - data_fetch - WARNING - No 2025 data returned for station 6237431
2026-02-18 01:29:41,248 - data_fetch - INFO - [50/100] Fetching 2025 data for Tausamaly (ID: 6237430, 2 sensors)...
2026-02-18 01:29:42,516 - data_fetch - WARNING - No 2025 data returned for station 6242270
2026-02-18 01:29:42,516 - data_fetch - INFO - [12/100] Fetching 2025 data for Oakdale St (ID: 6242233, 2 sensors)...
2026-02-18 01:29:43,426 - data_fetch - WARNING - Rate limit. Waiting 10s...
2026-02-18 01:29:43,448 - data_fetch - WARNING - Rate limit. Waiting 10s...
2026-02-18 01:29:54,746 - data_fetch - WARNING - Rate limit. Waiting 10s...
2026-02-18 01:29:54,764 - data_fetch - WARNING - Rate limit. Waiting 10s...
2026-02-18 01:30:07,804 - data_fetch - WARNING - No 2025 data returned for station 6237430
2026-02-18 01:30:07,804 - data_fetch - INFO - [51/100] Fetching 2025 data for Tastybulaq (ST Qanat)  (ID: 6237429, 2 sensors)...
2026-02-18 01:30:09,438 - data_fetch - WARNING - No 2025 data returned for station 6242233
2026-02-18 01:30:11,155 - data_fetch - WARNING - No 2025 data returned for station 6237429
2026-02-18 01:30:12,287 - data_fetch - WARNING - No 2025 data returned for station 6242232
2026-02-18 01:30:12,287 - data_fetch - INFO - [14/100] Fetching 2025 data for Tamale Central High Street (ID: 6242088, 1 sensors)...
2026-02-18 01:30:14,012 - data_fetch - WARNING - No 2025 data returned for station 6237428
2026-02-18 01:30:14,012 - data_fetch - INFO - [53/100] Fetching 2025 data for Vagjanov - Jansugurov k-si  (ID: 6237427, 2 sensors)...
2026-02-18 01:30:14,566 - data_fetch - WARNING - No 2025 data returned for station 6242088
2026-02-18 01:30:14,567 - data_fetch - INFO - [15/100] Fetching 2025 data for Kumasi Adum (ID: 6242087, 1 sensors)...
2026-02-18 01:30:16,284 - data_fetch - WARNING - No 2025 data returned for station 6242087
2026-02-18 01:30:16,294 - data_fetch - INFO - [16/100] Fetching 2025 data for CCMA Office (ID: 6242086, 1 sensors)...
2026-02-18 01:30:16,634 - data_fetch - WARNING - No 2025 data returned for station 6237427
2026-02-18 01:30:17,534 - data_fetch - WARNING - No 2025 data returned for station 6242086
2026-02-18 01:30:17,540 - data_fetch - INFO - [17/100] Fetching 2025 data for Aburi Town Center (ID: 6242085, 1 sensors)...
2026-02-18 01:30:19,207 - data_fetch - WARNING - No 2025 data returned for station 6242085
2026-02-18 01:30:19,207 - data_fetch - INFO - [18/100] Fetching 2025 data for Kasoa Overhead Bridge (ID: 6242084, 1 sensors)...
2026-02-18 01:30:19,634 - data_fetch - WARNING - No 2025 data returned for station 6237380
2026-02-18 01:30:20,469 - data_fetch - WARNING - No 2025 data returned for station 6242084
2026-02-18 01:30:20,469 - data_fetch - INFO - [19/100] Fetching 2025 data for Cape Coast UCC_North Campus (ID: 6242083, 1 sensors)...
2026-02-18 01:30:22,059 - data_fetch - WARNING - No 2025 data returned for station 6242083
2026-02-18 01:30:22,060 - data_fetch - INFO - [20/100] Fetching 2025 data for Takoradi Market Circle (ID: 6242082, 1 sensors)...
2026-02-18 01:30:22,118 - data_fetch - WARNING - No 2025 data returned for station 6237379
2026-02-18 01:30:22,118 - data_fetch - INFO - [56/100] Fetching 2025 data for Saudakent (Kazakov k-si) (ID: 6237378, 2 sensors)...
2026-02-18 01:30:23,860 - data_fetch - WARNING - No 2025 data returned for station 6242082
2026-02-18 01:30:23,862 - data_fetch - INFO - [21/100] Fetching 2025 data for Wa Main Traffic (ID: 6242081, 1 sensors)...
2026-02-18 01:30:25,003 - data_fetch - WARNING - No 2025 data returned for station 6237378
2026-02-18 01:30:25,003 - data_fetch - INFO - [57/100] Fetching 2025 data for Süyinbai 487 (ID: 6237377, 2 sensors)...
2026-02-18 01:30:25,593 - data_fetch - WARNING - No 2025 data returned for station 6242081
2026-02-18 01:30:27,934 - data_fetch - WARNING - No 2025 data returned for station 6237377
2026-02-18 01:30:28,146 - data_fetch - WARNING - No 2025 data returned for station 6242079
2026-02-18 01:30:28,148 - data_fetch - INFO - [23/100] Fetching 2025 data for Fountain Valley, CA (ID: 6241839, 2 sensors)...
2026-02-18 01:30:31,721 - data_fetch - WARNING - No 2025 data returned for station 6237376
2026-02-18 01:30:32,384 - data_fetch - WARNING - No 2025 data returned for station 6241839
2026-02-18 01:30:32,384 - data_fetch - INFO - [24/100] Fetching 2025 data for 147/23 Maneerin Park Rangsit (ID: 6240774, 2 sensors)...
2026-02-18 01:30:34,147 - data_fetch - WARNING - No 2025 data returned for station 6237375
2026-02-18 01:30:34,147 - data_fetch - INFO - [60/100] Fetching 2025 data for Sharipov St.- Raimbek St. cross (ID: 6237374, 2 sensors)...
2026-02-18 01:30:36,146 - data_fetch - WARNING - No 2025 data returned for station 6240774
2026-02-18 01:30:37,146 - data_fetch - WARNING - No 2025 data returned for station 6237374
2026-02-18 01:30:38,916 - data_fetch - WARNING - No 2025 data returned for station 6240773
2026-02-18 01:30:38,924 - data_fetch - INFO - [26/100] Fetching 2025 data for AG01-02 (ID: 6240401, 2 sensors)...
2026-02-18 01:30:40,486 - data_fetch - WARNING - No 2025 data returned for station 6237373
2026-02-18 01:30:40,486 - data_fetch - INFO - [62/100] Fetching 2025 data for Attapeu Provincial Hospital (ID: 6237068, 2 sensors)...
2026-02-18 01:30:42,366 - data_fetch - WARNING - No 2025 data returned for station 6240401
2026-02-18 01:30:42,367 - data_fetch - INFO - [27/100] Fetching 2025 data for AG02-03 (ID: 6240362, 2 sensors)...
2026-02-18 01:30:42,972 - data_fetch - WARNING - No 2025 data returned for station 6237068
2026-02-18 01:30:42,973 - data_fetch - INFO - [63/100] Fetching 2025 data for Atami (ID: 6236937, 2 sensors)...
2026-02-18 01:30:45,693 - data_fetch - WARNING - No 2025 data returned for station 6240362
2026-02-18 01:30:45,693 - data_fetch - INFO - [28/100] Fetching 2025 data for Las Lunas (ID: 6240211, 2 sensors)...
2026-02-18 01:30:46,340 - data_fetch - WARNING - No 2025 data returned for station 6236937
2026-02-18 01:30:46,340 - data_fetch - INFO - [64/100] Fetching 2025 data for Richmond Hill, GA (ID: 6236874, 2 sensors)...
2026-02-18 01:30:48,593 - data_fetch - WARNING - No 2025 data returned for station 6240211
2026-02-18 01:30:48,594 - data_fetch - INFO - [29/100] Fetching 2025 data for La Costa Valley (ID: 6240210, 2 sensors)...
2026-02-18 01:30:49,017 - data_fetch - WARNING - No 2025 data returned for station 6236874
2026-02-18 01:30:49,017 - data_fetch - INFO - [65/100] Fetching 2025 data for Astoria, NY (ID: 6236873, 2 sensors)...
2026-02-18 01:30:51,577 - data_fetch - WARNING - No 2025 data returned for station 6236873
2026-02-18 01:30:51,578 - data_fetch - INFO - [66/100] Fetching 2025 data for Cuesta Brava (ID: 6236755, 2 sensors)...
2026-02-18 01:30:52,019 - data_fetch - WARNING - No 2025 data returned for station 6240210
2026-02-18 01:30:53,246 - data_fetch - WARNING - Rate limit. Waiting 10s...
2026-02-18 01:30:54,504 - data_fetch - WARNING - Rate limit. Waiting 10s...
2026-02-18 01:31:06,477 - data_fetch - WARNING - No 2025 data returned for station 6236755
2026-02-18 01:31:06,477 - data_fetch - INFO - [67/100] Fetching 2025 data for Hilsbach Kellersberg (ID: 6236723, 2 sensors)...
2026-02-18 01:31:06,543 - data_fetch - WARNING - No 2025 data returned for station 6240023
2026-02-18 01:31:06,545 - data_fetch - INFO - [31/100] Fetching 2025 data for Sandy Hook Farms (ID: 6239910, 2 sensors)...
2026-02-18 01:31:09,284 - data_fetch - WARNING - No 2025 data returned for station 6236723
2026-02-18 01:31:09,284 - data_fetch - INFO - [68/100] Fetching 2025 data for Bahria Town  (ID: 6236626, 2 sensors)...
2026-02-18 01:31:09,372 - data_fetch - WARNING - No 2025 data returned for station 6239910
2026-02-18 01:31:09,372 - data_fetch - INFO - [32/100] Fetching 2025 data for Kong Øysteins veg  (ID: 6239796, 2 sensors)...
2026-02-18 01:31:12,112 - data_fetch - WARNING - No 2025 data returned for station 6236626
2026-02-18 01:31:12,112 - data_fetch - INFO - [69/100] Fetching 2025 data for Marurui (ID: 6236592, 2 sensors)...
2026-02-18 01:31:12,797 - data_fetch - WARNING - No 2025 data returned for station 6239796
2026-02-18 01:31:12,797 - data_fetch - INFO - [33/100] Fetching 2025 data for Landsham (ID: 6239795, 2 sensors)...
2026-02-18 01:31:14,963 - data_fetch - WARNING - No 2025 data returned for station 6236592
2026-02-18 01:31:15,718 - data_fetch - WARNING - No 2025 data returned for station 6239795
2026-02-18 01:31:15,718 - data_fetch - INFO - [34/100] Fetching 2025 data for Norton Ma. (ID: 6239756, 2 sensors)...
2026-02-18 01:31:17,543 - data_fetch - WARNING - No 2025 data returned for station 6236590
2026-02-18 01:31:17,544 - data_fetch - INFO - [71/100] Fetching 2025 data for Wells (WHCP) (ID: 6236589, 1 sensors)...
2026-02-18 01:31:18,069 - data_fetch - WARNING - No 2025 data returned for station 6239756
2026-02-18 01:31:18,069 - data_fetch - INFO - [35/100] Fetching 2025 data for Domek (ID: 6239717, 2 sensors)...
2026-02-18 01:31:19,136 - data_fetch - WARNING - No 2025 data returned for station 6236589
2026-02-18 01:31:19,137 - data_fetch - INFO - [72/100] Fetching 2025 data for Kensington, Victoria, Australia (ID: 6236445, 2 sensors)...
2026-02-18 01:31:20,534 - data_fetch - WARNING - No 2025 data returned for station 6239717
2026-02-18 01:31:20,534 - data_fetch - INFO - [36/100] Fetching 2025 data for McAlpin, FL (ID: 6239064, 2 sensors)...
2026-02-18 01:31:22,334 - data_fetch - WARNING - No 2025 data returned for station 6236445
2026-02-18 01:31:22,334 - data_fetch - INFO - [73/100] Fetching 2025 data for Rangsit - Nakhon Nayok 50 (ID: 6236444, 2 sensors)...
2026-02-18 01:31:23,104 - data_fetch - WARNING - No 2025 data returned for station 6239064
2026-02-18 01:31:23,104 - data_fetch - INFO - [37/100] Fetching 2025 data for Amsterdamsevaart (ID: 6239029, 2 sensors)...
2026-02-18 01:31:25,256 - data_fetch - WARNING - No 2025 data returned for station 6236444
2026-02-18 01:31:25,256 - data_fetch - INFO - [74/100] Fetching 2025 data for Mauer (ID: 6236048, 2 sensors)...
2026-02-18 01:31:26,003 - data_fetch - WARNING - No 2025 data returned for station 6239029
2026-02-18 01:31:26,003 - data_fetch - INFO - [38/100] Fetching 2025 data for HFH CURES 19 (ID: 6238928, 2 sensors)...
2026-02-18 01:31:28,090 - data_fetch - WARNING - No 2025 data returned for station 6236048
2026-02-18 01:31:28,090 - data_fetch - INFO - [75/100] Fetching 2025 data for Gibraltar (ID: 6235851, 2 sensors)...
2026-02-18 01:31:28,854 - data_fetch - WARNING - No 2025 data returned for station 6238928
2026-02-18 01:31:28,854 - data_fetch - INFO - [39/100] Fetching 2025 data for Vrå (ID: 6238790, 2 sensors)...
2026-02-18 01:31:31,316 - data_fetch - WARNING - No 2025 data returned for station 6238790
2026-02-18 01:31:31,316 - data_fetch - INFO - [40/100] Fetching 2025 data for Sdrvraa (ID: 6238789, 2 sensors)...
2026-02-18 01:31:31,945 - data_fetch - WARNING - No 2025 data returned for station 6235851
2026-02-18 01:31:31,945 - data_fetch - INFO - [76/100] Fetching 2025 data for THE LINE Phahonyothin Park (ID: 6235850, 2 sensors)...
2026-02-18 01:31:33,712 - data_fetch - WARNING - No 2025 data returned for station 6238789
2026-02-18 01:31:33,713 - data_fetch - INFO - [41/100] Fetching 2025 data for Jilawan Thai Local Treats (ID: 6238788, 2 sensors)...
2026-02-18 01:31:34,327 - data_fetch - WARNING - No 2025 data returned for station 6235850
2026-02-18 01:31:34,327 - data_fetch - INFO - [77/100] Fetching 2025 data for South Deering 10 (ID: 6235816, 1 sensors)...
2026-02-18 01:31:35,492 - data_fetch - WARNING - No 2025 data returned for station 6235816
2026-02-18 01:31:35,493 - data_fetch - INFO - [78/100] Fetching 2025 data for Aarschotsebaan, Kampenhout (ID: 6235782, 2 sensors)...
2026-02-18 01:31:36,150 - data_fetch - WARNING - No 2025 data returned for station 6238788
2026-02-18 01:31:36,151 - data_fetch - INFO - [42/100] Fetching 2025 data for Lyon (ID: 6238787, 2 sensors)...
2026-02-18 01:31:37,960 - data_fetch - WARNING - No 2025 data returned for station 6235782
2026-02-18 01:31:37,960 - data_fetch - INFO - [79/100] Fetching 2025 data for Printex Junction, Spintex Rd (ID: 6235651, 1 sensors)...
2026-02-18 01:31:39,549 - data_fetch - WARNING - No 2025 data returned for station 6238787
2026-02-18 01:31:39,553 - data_fetch - INFO - [43/100] Fetching 2025 data for Calle 33, San Pedro Sula, Cortes - Sustenta Honduras/CIPOTES (ID: 6238786, 2 sensors)...
2026-02-18 01:31:39,749 - data_fetch - WARNING - No 2025 data returned for station 6235651
2026-02-18 01:31:39,750 - data_fetch - INFO - [80/100] Fetching 2025 data for Eden Park Primary, KZN, ZA. (ID: 6235414, 2 sensors)...
2026-02-18 01:31:41,973 - data_fetch - WARNING - No 2025 data returned for station 6238786
2026-02-18 01:31:41,974 - data_fetch - INFO - [44/100] Fetching 2025 data for Mooswiesengasse, 1140 Vienna (ID: 6238650, 2 sensors)...
2026-02-18 01:31:42,191 - data_fetch - WARNING - No 2025 data returned for station 6235414
2026-02-18 01:31:42,191 - data_fetch - INFO - [81/100] Fetching 2025 data for Ashbrook place (ID: 6235313, 2 sensors)...
2026-02-18 01:31:44,416 - data_fetch - WARNING - No 2025 data returned for station 6238650
2026-02-18 01:31:44,416 - data_fetch - INFO - [45/100] Fetching 2025 data for Edemissen (ID: 6238403, 2 sensors)...
2026-02-18 01:31:44,699 - data_fetch - WARNING - No 2025 data returned for station 6235313
2026-02-18 01:31:44,700 - data_fetch - INFO - [82/100] Fetching 2025 data for Stinger Square Park (ID: 6234817, 1 sensors)...
2026-02-18 01:31:46,283 - data_fetch - WARNING - No 2025 data returned for station 6234817
2026-02-18 01:31:46,284 - data_fetch - INFO - [83/100] Fetching 2025 data for Finland Elem (ID: 6234783, 2 sensors)...
2026-02-18 01:31:47,285 - data_fetch - WARNING - Rate limit. Waiting 10s...
2026-02-18 01:31:47,476 - data_fetch - WARNING - Rate limit. Waiting 10s...
2026-02-18 01:31:58,867 - data_fetch - WARNING - Rate limit. Waiting 10s...
2026-02-18 01:32:02,111 - data_fetch - WARNING - Rate limit. Waiting 10s...
2026-02-18 01:32:10,719 - data_fetch - WARNING - No 2025 data returned for station 6238403
2026-02-18 01:32:10,720 - data_fetch - INFO - [46/100] Fetching 2025 data for Wilhelmsdorf Centre (ID: 6237988, 2 sensors)...
2026-02-18 01:32:14,401 - data_fetch - WARNING - No 2025 data returned for station 6237988
2026-02-18 01:32:14,403 - data_fetch - INFO - [47/100] Fetching 2025 data for Springfield  (ID: 6237782, 1 sensors)...
2026-02-18 01:32:15,996 - data_fetch - WARNING - No 2025 data returned for station 6234783
2026-02-18 01:32:16,003 - data_fetch - INFO - [84/100] Fetching 2025 data for Laurel and 6th Street, New Orleans, Louisiana (ID: 6234781, 2 sensors)...
2026-02-18 01:32:16,068 - data_fetch - WARNING - No 2025 data returned for station 6237782
2026-02-18 01:32:16,068 - data_fetch - INFO - [48/100] Fetching 2025 data for Providence Academy  (ID: 6237507, 2 sensors)...
2026-02-18 01:32:18,422 - data_fetch - WARNING - No 2025 data returned for station 6234781
2026-02-18 01:32:18,422 - data_fetch - INFO - [85/100] Fetching 2025 data for Managua, Nicaragua - Sustenta Honduras (ID: 6234711, 2 sensors)...
2026-02-18 01:32:18,497 - data_fetch - WARNING - No 2025 data returned for station 6237507
2026-02-18 01:32:18,497 - data_fetch - INFO - [49/100] Fetching 2025 data for Zhas Qanat aud. (Khmelnitskiy k-si.) (ID: 6237431, 2 sensors)...
2026-02-18 01:32:20,944 - data_fetch - WARNING - No 2025 data returned for station 6237431
2026-02-18 01:32:20,944 - data_fetch - INFO - [50/100] Fetching 2025 data for Tausamaly (ID: 6237430, 2 sensors)...
2026-02-18 01:32:21,325 - data_fetch - WARNING - No 2025 data returned for station 6234711
2026-02-18 01:32:21,325 - data_fetch - INFO - [86/100] Fetching 2025 data for Mobile 1 (ID: 6234677, 2 sensors)...
2026-02-18 01:32:23,724 - data_fetch - WARNING - No 2025 data returned for station 6234677
2026-02-18 01:32:24,260 - data_fetch - WARNING - No 2025 data returned for station 6237430
2026-02-18 01:32:24,260 - data_fetch - INFO - [51/100] Fetching 2025 data for Tastybulaq (ST Qanat)  (ID: 6237429, 2 sensors)...
2026-02-18 01:32:26,690 - data_fetch - WARNING - No 2025 data returned for station 6234363
2026-02-18 01:32:26,690 - data_fetch - INFO - [88/100] Fetching 2025 data for Nowa Papiernia (ID: 6234362, 2 sensors)...
2026-02-18 01:32:28,281 - data_fetch - WARNING - No 2025 data returned for station 6237429
2026-02-18 01:32:29,476 - data_fetch - WARNING - No 2025 data returned for station 6234362
2026-02-18 01:32:29,477 - data_fetch - INFO - [89/100] Fetching 2025 data for Via Valsugana (ID: 6234255, 2 sensors)...
2026-02-18 01:32:30,694 - data_fetch - WARNING - No 2025 data returned for station 6237428
2026-02-18 01:32:30,696 - data_fetch - INFO - [53/100] Fetching 2025 data for Vagjanov - Jansugurov k-si  (ID: 6237427, 2 sensors)...
2026-02-18 01:32:31,865 - data_fetch - WARNING - No 2025 data returned for station 6234255
2026-02-18 01:32:33,619 - data_fetch - WARNING - No 2025 data returned for station 6237427
2026-02-18 01:32:35,331 - data_fetch - WARNING - No 2025 data returned for station 6234078
2026-02-18 01:32:35,331 - data_fetch - INFO - [91/100] Fetching 2025 data for Verti Line (ID: 6233830, 2 sensors)...
2026-02-18 01:32:38,087 - data_fetch - WARNING - No 2025 data returned for station 6237380
2026-02-18 01:32:38,261 - data_fetch - WARNING - No 2025 data returned for station 6233830
2026-02-18 01:32:38,261 - data_fetch - INFO - [92/100] Fetching 2025 data for Gaithersburg (ID: 6233829, 2 sensors)...
2026-02-18 01:32:40,546 - data_fetch - WARNING - No 2025 data returned for station 6237379
2026-02-18 01:32:40,546 - data_fetch - INFO - [56/100] Fetching 2025 data for Saudakent (Kazakov k-si) (ID: 6237378, 2 sensors)...
2026-02-18 01:32:42,153 - data_fetch - WARNING - No 2025 data returned for station 6233829
2026-02-18 01:32:42,153 - data_fetch - INFO - [93/100] Fetching 2025 data for Magura Vulturui (ID: 6233613, 2 sensors)...
2026-02-18 01:32:43,011 - data_fetch - WARNING - No 2025 data returned for station 6237378
2026-02-18 01:32:43,016 - data_fetch - INFO - [57/100] Fetching 2025 data for Süyinbai 487 (ID: 6237377, 2 sensors)...
2026-02-18 01:32:45,093 - data_fetch - WARNING - No 2025 data returned for station 6233613
2026-02-18 01:32:45,094 - data_fetch - INFO - [94/100] Fetching 2025 data for Breitenstein (ID: 6233467, 2 sensors)...
2026-02-18 01:32:45,583 - data_fetch - WARNING - No 2025 data returned for station 6237377
2026-02-18 01:32:48,066 - data_fetch - WARNING - No 2025 data returned for station 6233467
2026-02-18 01:32:48,066 - data_fetch - INFO - [95/100] Fetching 2025 data for Rruga Abdullah Boyku (ID: 6232996, 2 sensors)...
2026-02-18 01:32:48,202 - data_fetch - WARNING - No 2025 data returned for station 6237376
2026-02-18 01:32:50,537 - data_fetch - WARNING - No 2025 data returned for station 6232996
2026-02-18 01:32:50,537 - data_fetch - INFO - [96/100] Fetching 2025 data for AG02-02 (ID: 6232518, 2 sensors)...
2026-02-18 01:32:50,623 - data_fetch - WARNING - No 2025 data returned for station 6237375
2026-02-18 01:32:50,623 - data_fetch - INFO - [60/100] Fetching 2025 data for Sharipov St.- Raimbek St. cross (ID: 6237374, 2 sensors)...
2026-02-18 01:32:53,060 - data_fetch - WARNING - No 2025 data returned for station 6232518
2026-02-18 01:32:53,060 - data_fetch - INFO - [97/100] Fetching 2025 data for SAHome (ID: 6232105, 2 sensors)...
2026-02-18 01:32:53,541 - data_fetch - WARNING - No 2025 data returned for station 6237374
2026-02-18 01:32:54,744 - data_fetch - WARNING - Rate limit. Waiting 10s...
2026-02-18 01:32:54,770 - data_fetch - WARNING - Rate limit. Waiting 10s...
2026-02-18 01:33:07,285 - data_fetch - WARNING - No 2025 data returned for station 6232105
2026-02-18 01:33:07,285 - data_fetch - INFO - [98/100] Fetching 2025 data for Gandhi Nagar (ID: 6231999, 2 sensors)...
2026-02-18 01:33:08,039 - data_fetch - WARNING - No 2025 data returned for station 6237373
2026-02-18 01:33:08,039 - data_fetch - INFO - [62/100] Fetching 2025 data for Attapeu Provincial Hospital (ID: 6237068, 2 sensors)...
2026-02-18 01:33:10,925 - data_fetch - WARNING - No 2025 data returned for station 6231999
2026-02-18 01:33:10,926 - data_fetch - INFO - [99/100] Fetching 2025 data for Alex-Home (ID: 6231864, 2 sensors)...
2026-02-18 01:33:11,327 - data_fetch - WARNING - No 2025 data returned for station 6237068
2026-02-18 01:33:11,327 - data_fetch - INFO - [63/100] Fetching 2025 data for Atami (ID: 6236937, 2 sensors)...
2026-02-18 01:33:13,753 - data_fetch - WARNING - No 2025 data returned for station 6231864
2026-02-18 01:33:13,753 - data_fetch - INFO - [100/100] Fetching 2025 data for Šiljakovina (ID: 6231729, 2 sensors)...
2026-02-18 01:33:14,154 - data_fetch - WARNING - No 2025 data returned for station 6236937
2026-02-18 01:33:14,161 - data_fetch - INFO - [64/100] Fetching 2025 data for Richmond Hill, GA (ID: 6236874, 2 sensors)...
2026-02-18 01:33:16,229 - data_fetch - WARNING - No 2025 data returned for station 6231729
2026-02-18 01:33:16,234 - main - INFO - --- Step 2: Big Data Processing ---
2026-02-18 01:33:16,234 - bigdata_pipeline - INFO - Starting Big Data Pipeline...
2026-02-18 01:33:16,236 - bigdata_pipeline - ERROR - No raw data found. Run data_fetch.py first.
2026-02-18 01:33:16,238 - main - INFO - --- Execution Complete ---
2026-02-18 01:33:17,046 - data_fetch - WARNING - No 2025 data returned for station 6236874
2026-02-18 01:33:17,047 - data_fetch - INFO - [65/100] Fetching 2025 data for Astoria, NY (ID: 6236873, 2 sensors)...
2026-02-18 01:33:19,966 - data_fetch - WARNING - No 2025 data returned for station 6236873
2026-02-18 01:33:19,966 - data_fetch - INFO - [66/100] Fetching 2025 data for Cuesta Brava (ID: 6236755, 2 sensors)...
2026-02-18 01:33:23,346 - data_fetch - WARNING - No 2025 data returned for station 6236755
2026-02-18 01:33:23,346 - data_fetch - INFO - [67/100] Fetching 2025 data for Hilsbach Kellersberg (ID: 6236723, 2 sensors)...
2026-02-18 01:33:26,832 - data_fetch - WARNING - No 2025 data returned for station 6236723
2026-02-18 01:33:26,833 - data_fetch - INFO - [68/100] Fetching 2025 data for Bahria Town  (ID: 6236626, 2 sensors)...
2026-02-18 01:33:29,235 - data_fetch - WARNING - No 2025 data returned for station 6236626
2026-02-18 01:33:29,235 - data_fetch - INFO - [69/100] Fetching 2025 data for Marurui (ID: 6236592, 2 sensors)...
2026-02-18 01:33:32,083 - data_fetch - WARNING - No 2025 data returned for station 6236592
2026-02-18 01:33:35,026 - data_fetch - WARNING - No 2025 data returned for station 6236590
2026-02-18 01:33:35,026 - data_fetch - INFO - [71/100] Fetching 2025 data for Wells (WHCP) (ID: 6236589, 1 sensors)...
2026-02-18 01:33:36,265 - data_fetch - WARNING - No 2025 data returned for station 6236589
2026-02-18 01:33:36,267 - data_fetch - INFO - [72/100] Fetching 2025 data for Kensington, Victoria, Australia (ID: 6236445, 2 sensors)...
2026-02-18 01:33:38,674 - data_fetch - WARNING - No 2025 data returned for station 6236445
2026-02-18 01:33:38,675 - data_fetch - INFO - [73/100] Fetching 2025 data for Rangsit - Nakhon Nayok 50 (ID: 6236444, 2 sensors)...
2026-02-18 01:33:42,034 - data_fetch - WARNING - No 2025 data returned for station 6236444
2026-02-18 01:33:42,035 - data_fetch - INFO - [74/100] Fetching 2025 data for Mauer (ID: 6236048, 2 sensors)...
2026-02-18 01:33:44,411 - data_fetch - WARNING - No 2025 data returned for station 6236048
2026-02-18 01:33:44,411 - data_fetch - INFO - [75/100] Fetching 2025 data for Gibraltar (ID: 6235851, 2 sensors)...
2026-02-18 01:33:47,716 - data_fetch - WARNING - No 2025 data returned for station 6235851
2026-02-18 01:33:47,716 - data_fetch - INFO - [76/100] Fetching 2025 data for THE LINE Phahonyothin Park (ID: 6235850, 2 sensors)...
2026-02-18 01:33:50,628 - data_fetch - WARNING - No 2025 data returned for station 6235850
2026-02-18 01:33:50,628 - data_fetch - INFO - [77/100] Fetching 2025 data for South Deering 10 (ID: 6235816, 1 sensors)...
2026-02-18 01:33:51,874 - data_fetch - WARNING - No 2025 data returned for station 6235816
2026-02-18 01:33:51,875 - data_fetch - INFO - [78/100] Fetching 2025 data for Aarschotsebaan, Kampenhout (ID: 6235782, 2 sensors)...
2026-02-18 01:33:54,942 - data_fetch - WARNING - No 2025 data returned for station 6235782
2026-02-18 01:33:54,943 - data_fetch - INFO - [79/100] Fetching 2025 data for Printex Junction, Spintex Rd (ID: 6235651, 1 sensors)...
2026-02-18 01:33:56,636 - data_fetch - WARNING - No 2025 data returned for station 6235651
2026-02-18 01:33:56,636 - data_fetch - INFO - [80/100] Fetching 2025 data for Eden Park Primary, KZN, ZA. (ID: 6235414, 2 sensors)...
2026-02-18 01:33:59,676 - data_fetch - WARNING - No 2025 data returned for station 6235414
2026-02-18 01:33:59,676 - data_fetch - INFO - [81/100] Fetching 2025 data for Ashbrook place (ID: 6235313, 2 sensors)...
2026-02-18 01:34:02,343 - data_fetch - WARNING - No 2025 data returned for station 6235313
2026-02-18 01:34:02,343 - data_fetch - INFO - [82/100] Fetching 2025 data for Stinger Square Park (ID: 6234817, 1 sensors)...
2026-02-18 01:34:04,584 - data_fetch - WARNING - No 2025 data returned for station 6234817
2026-02-18 01:34:04,584 - data_fetch - INFO - [83/100] Fetching 2025 data for Finland Elem (ID: 6234783, 2 sensors)...
2026-02-18 01:34:07,984 - data_fetch - WARNING - No 2025 data returned for station 6234783
2026-02-18 01:34:07,984 - data_fetch - INFO - [84/100] Fetching 2025 data for Laurel and 6th Street, New Orleans, Louisiana (ID: 6234781, 2 sensors)...
2026-02-18 01:34:11,729 - data_fetch - WARNING - No 2025 data returned for station 6234781
2026-02-18 01:34:11,729 - data_fetch - INFO - [85/100] Fetching 2025 data for Managua, Nicaragua - Sustenta Honduras (ID: 6234711, 2 sensors)...
2026-02-18 01:34:15,580 - data_fetch - WARNING - No 2025 data returned for station 6234711
2026-02-18 01:34:15,581 - data_fetch - INFO - [86/100] Fetching 2025 data for Mobile 1 (ID: 6234677, 2 sensors)...
2026-02-18 01:34:18,611 - data_fetch - WARNING - No 2025 data returned for station 6234677
2026-02-18 01:34:23,029 - data_fetch - WARNING - No 2025 data returned for station 6234363
2026-02-18 01:34:23,030 - data_fetch - INFO - [88/100] Fetching 2025 data for Nowa Papiernia (ID: 6234362, 2 sensors)...
2026-02-18 01:34:25,476 - data_fetch - WARNING - No 2025 data returned for station 6234362
2026-02-18 01:34:25,476 - data_fetch - INFO - [89/100] Fetching 2025 data for Via Valsugana (ID: 6234255, 2 sensors)...
2026-02-18 01:34:28,052 - data_fetch - WARNING - No 2025 data returned for station 6234255
2026-02-18 01:34:31,060 - data_fetch - WARNING - No 2025 data returned for station 6234078
2026-02-18 01:34:31,067 - data_fetch - INFO - [91/100] Fetching 2025 data for Verti Line (ID: 6233830, 2 sensors)...
2026-02-18 01:34:34,110 - data_fetch - WARNING - No 2025 data returned for station 6233830
2026-02-18 01:34:34,110 - data_fetch - INFO - [92/100] Fetching 2025 data for Gaithersburg (ID: 6233829, 2 sensors)...
2026-02-18 01:34:37,010 - data_fetch - WARNING - No 2025 data returned for station 6233829
2026-02-18 01:34:37,010 - data_fetch - INFO - [93/100] Fetching 2025 data for Magura Vulturui (ID: 6233613, 2 sensors)...
2026-02-18 01:34:40,743 - data_fetch - WARNING - No 2025 data returned for station 6233613
2026-02-18 01:34:40,743 - data_fetch - INFO - [94/100] Fetching 2025 data for Breitenstein (ID: 6233467, 2 sensors)...
2026-02-18 01:34:43,217 - data_fetch - WARNING - No 2025 data returned for station 6233467
2026-02-18 01:34:43,217 - data_fetch - INFO - [95/100] Fetching 2025 data for Rruga Abdullah Boyku (ID: 6232996, 2 sensors)...
2026-02-18 01:34:46,126 - data_fetch - WARNING - No 2025 data returned for station 6232996
2026-02-18 01:34:46,126 - data_fetch - INFO - [96/100] Fetching 2025 data for AG02-02 (ID: 6232518, 2 sensors)...
2026-02-18 01:34:48,625 - data_fetch - WARNING - No 2025 data returned for station 6232518
2026-02-18 01:34:48,631 - data_fetch - INFO - [97/100] Fetching 2025 data for SAHome (ID: 6232105, 2 sensors)...
2026-02-18 01:34:51,148 - data_fetch - WARNING - No 2025 data returned for station 6232105
2026-02-18 01:34:51,149 - data_fetch - INFO - [98/100] Fetching 2025 data for Gandhi Nagar (ID: 6231999, 2 sensors)...
2026-02-18 01:34:53,646 - data_fetch - WARNING - No 2025 data returned for station 6231999
2026-02-18 01:34:53,646 - data_fetch - INFO - [99/100] Fetching 2025 data for Alex-Home (ID: 6231864, 2 sensors)...
2026-02-18 01:34:56,180 - data_fetch - WARNING - No 2025 data returned for station 6231864
2026-02-18 01:34:56,181 - data_fetch - INFO - [100/100] Fetching 2025 data for Šiljakovina (ID: 6231729, 2 sensors)...
2026-02-18 01:34:58,666 - data_fetch - WARNING - No 2025 data returned for station 6231729
2026-02-18 01:34:58,666 - main - INFO - --- Step 2: Big Data Processing ---
2026-02-18 01:34:58,666 - bigdata_pipeline - INFO - Starting Big Data Pipeline...
2026-02-18 01:34:58,675 - bigdata_pipeline - ERROR - No raw data found. Run data_fetch.py first.
2026-02-18 01:34:58,676 - main - INFO - --- Execution Complete ---
2026-02-18 01:39:04,510 - main - INFO - Initializing Urban Environmental Intelligence System...
2026-02-18 01:39:04,512 - main - INFO - --- Step 1: Data Acquisition ---
2026-02-18 01:39:04,513 - main - INFO - Fetching a small batch of data from OpenAQ API for verification...
2026-02-18 01:39:04,513 - data_fetch - INFO - Searching for v3 stations with PM2.5...
2026-02-18 01:39:04,514 - data_fetch - INFO - Requesting https://api.openaq.org/v3/locations with params {'limit': 1000, 'order_by': 'id', 'sort_order': 'asc', 'has_sensors': 'true'}
2026-02-18 01:39:08,517 - data_fetch - INFO - API returned 1000 locations.
2026-02-18 01:39:08,517 - data_fetch - INFO - Found 100 valid stations.
2026-02-18 01:39:08,525 - data_fetch - INFO - [1/100] Fetching 2025 data for R K Puram, Delhi - DPCC (ID: 17, 9 sensors)...
2026-02-18 01:41:25,806 - data_fetch - INFO - Saved 25000 records.
2026-02-18 01:41:25,810 - data_fetch - INFO - [2/100] Fetching 2025 data for Parque O'Higgins (ID: 25, 4 sensors)...
2026-02-18 01:42:12,089 - data_fetch - INFO - Saved 10000 records.
2026-02-18 01:42:12,089 - data_fetch - INFO - [3/100] Fetching 2025 data for Inpesca (ID: 26, 2 sensors)...
2026-02-18 01:42:43,478 - data_fetch - INFO - Generating HIGH VOLUME mock data for 2025 (Zoning Enabled)...
2026-02-18 01:42:52,087 - data_fetch - INFO - Saved 10000 records.
2026-02-18 01:42:52,089 - data_fetch - INFO - [4/100] Fetching 2025 data for ConcÃ³n (ID: 27, 4 sensors)...
2026-02-18 01:42:52,734 - data_fetch - INFO - Generating HIGH VOLUME mock data for 2025 (Zoning Enabled)...
2026-02-18 01:42:58,596 - data_fetch - INFO - Generating HIGH VOLUME mock data for 2025 (Zoning Enabled)...
2026-02-18 01:43:42,049 - data_fetch - INFO - Saved 10000 records.
2026-02-18 01:43:42,049 - data_fetch - INFO - [5/100] Fetching 2025 data for Wekerom-Riemterdijk (ID: 31, 4 sensors)...
2026-02-18 01:45:15,082 - data_fetch - INFO - Saved 20000 records.
2026-02-18 01:45:15,083 - data_fetch - INFO - [6/100] Fetching 2025 data for Zaanstad-Hemkade (ID: 33, 2 sensors)...
2026-02-18 01:46:03,296 - data_fetch - INFO - Saved 10000 records.
2026-02-18 01:46:03,296 - data_fetch - INFO - [7/100] Fetching 2025 data for GobernaciÃ³n (ID: 39, 1 sensors)...
2026-02-18 01:46:28,810 - data_fetch - INFO - Saved 5000 records.
2026-02-18 01:46:28,810 - data_fetch - INFO - [8/100] Fetching 2025 data for Groningen-Europaweg (ID: 41, 3 sensors)...
2026-02-18 01:47:48,803 - data_fetch - INFO - Saved 15000 records.
2026-02-18 01:47:48,804 - data_fetch - INFO - [9/100] Fetching 2025 data for Heerlen-Jamboreepad (ID: 44, 4 sensors)...
2026-02-18 01:49:32,666 - data_fetch - INFO - Saved 20000 records.
2026-02-18 01:49:32,666 - data_fetch - INFO - [10/100] Fetching 2025 data for Puente Alto (ID: 45, 4 sensors)...
2026-02-18 01:50:11,258 - data_fetch - INFO - Saved 10000 records.
2026-02-18 01:50:11,260 - data_fetch - INFO - [11/100] Fetching 2025 data for Valparaiso (ID: 47, 4 sensors)...
2026-02-18 01:50:25,457 - main - INFO - Initializing Urban Environmental Intelligence System...
2026-02-18 01:50:25,457 - main - INFO - --- Step 1: Data Acquisition ---
2026-02-18 01:50:25,457 - main - INFO - --- Step 2: Big Data Processing ---
2026-02-18 01:50:25,457 - bigdata_pipeline - INFO - Starting Big Data Pipeline...
2026-02-18 01:50:25,461 - bigdata_pipeline - INFO - Found 110 raw files. Processing with Dask...
2026-02-18 01:50:25,579 - bigdata_pipeline - INFO - Computing and saving processed data...
2026-02-18 01:50:36,277 - data_fetch - INFO - Saved 5000 records.
2026-02-18 01:50:36,277 - data_fetch - INFO - [12/100] Fetching 2025 data for Punjabi Bagh, Delhi - DPCC (ID: 50, 9 sensors)...
2026-02-18 01:50:41,462 - bigdata_pipeline - INFO - Pipeline finished. Data saved to D:\ds2\DS\assignment\data\processed\cleaned_data.parquet
2026-02-18 01:50:41,466 - main - INFO - --- Execution Complete ---
2026-02-18 01:51:31,239 - pca_analysis - INFO - PCA Completed. Explained Variance: [0.42847961 0.38302693]
2026-02-18 01:52:45,823 - data_fetch - INFO - Saved 25000 records.
2026-02-18 01:52:45,826 - data_fetch - INFO - [13/100] Fetching 2025 data for Wieringerwerf-Medemblikkerweg (ID: 51, 4 sensors)...
2026-02-18 01:54:01,274 - data_fetch - INFO - Saved 20000 records.
2026-02-18 01:54:01,275 - data_fetch - INFO - [14/100] Fetching 2025 data for Rotterdam-Oost Sidelinge A13 (ID: 52, 3 sensors)...
2026-02-18 01:55:08,364 - data_fetch - INFO - Saved 13751 records.
2026-02-18 01:55:08,365 - data_fetch - INFO - [15/100] Fetching 2025 data for Talagante (ID: 54, 4 sensors)...
2026-02-18 01:55:58,297 - data_fetch - INFO - Saved 10000 records.
2026-02-18 01:55:58,297 - data_fetch - INFO - [16/100] Fetching 2025 data for Utrecht-Kardinaal de Jongweg (ID: 55, 4 sensors)...
2026-02-18 01:57:15,618 - data_fetch - INFO - Saved 16627 records.
2026-02-18 01:57:15,618 - data_fetch - INFO - [17/100] Fetching 2025 data for Zegveld-Oude Meije (ID: 58, 3 sensors)...
2026-02-18 01:58:23,170 - data_fetch - INFO - Saved 15000 records.
2026-02-18 01:58:23,172 - data_fetch - INFO - [18/100] Fetching 2025 data for Haringey Roadside (ID: 60, 2 sensors)...
2026-02-18 01:58:46,960 - data_fetch - INFO - Saved 5000 records.
2026-02-18 01:58:46,963 - data_fetch - INFO - [19/100] Fetching 2025 data for Philippine-Stelleweg (ID: 63, 3 sensors)...
2026-02-18 01:59:53,618 - data_fetch - INFO - Saved 15000 records.
2026-02-18 01:59:53,618 - data_fetch - INFO - [20/100] Fetching 2025 data for Punteras (ID: 65, 4 sensors)...
2026-02-18 02:00:45,968 - data_fetch - INFO - Saved 10000 records.
2026-02-18 02:00:45,968 - data_fetch - INFO - [21/100] Fetching 2025 data for Cerro MerquÃ­n (ID: 68, 2 sensors)...
2026-02-18 02:01:18,860 - pca_analysis - INFO - PCA Completed. Explained Variance: [0.43252534 0.38501182]
2026-02-18 02:01:30,107 - data_fetch - INFO - Saved 10000 records.
2026-02-18 02:01:30,109 - data_fetch - INFO - [22/100] Fetching 2025 data for Kingston College (ID: 69, 3 sensors)...
2026-02-18 02:02:14,419 - data_fetch - INFO - Saved 10000 records.
2026-02-18 02:02:14,419 - data_fetch - INFO - [23/100] Fetching 2025 data for Biest Houtakker-Biestsestraat (ID: 71, 4 sensors)...
2026-02-18 02:02:22,025 - pca_analysis - INFO - PCA Completed. Explained Variance: [0.46400253 0.38524738]
2026-02-18 02:03:35,809 - data_fetch - INFO - Saved 20000 records.
2026-02-18 02:03:35,810 - data_fetch - INFO - [24/100] Fetching 2025 data for CuricÃ³ (ID: 72, 2 sensors)...
